Time Stamp, NOCNC1-INST (PPB), NO2CNC1-INST (PPB), SMPFLW-INST (cc/m)
06/26/2018 00:01:01,     0.0501,     7.5484,   1006.294
06/26/2018 00:02:01,     0.0520,     7.5220,   1006.285
06/26/2018 00:03:01,     0.0528,     7.4355,    982.307
06/26/2018 00:04:01,     0.0590,     7.3198,    982.560
06/26/2018 00:05:01,     0.0610,     7.2452,   1006.130
06/26/2018 00:06:01,     0.0559,     7.2005,   1006.372
06/26/2018 00:07:01,     0.0543,     7.2192,    982.474
06/26/2018 00:08:01,     0.0542,     7.2511,   1006.491
06/26/2018 00:09:01,     0.0619,     7.2966,    982.355
06/26/2018 00:10:01,     0.0579,     7.4825,    982.512
06/26/2018 00:11:01,     0.0593,     7.6533,    982.551
06/26/2018 00:12:01,     0.0619,     7.8694,   1005.616
06/26/2018 00:13:01,     0.0639,     8.0793,    982.443
06/26/2018 00:14:01,     0.0661,     8.3477,    982.863
06/26/2018 00:15:01,     0.0717,     8.5393,   1006.260
06/26/2018 00:16:01,     0.0765,     8.7044,    982.276
06/26/2018 00:17:01,     0.0678,     9.0135,   1006.336
06/26/2018 00:18:01,     0.0763,     9.1641,   1006.206
06/26/2018 00:19:01,     0.0833,     9.3974,    982.178
06/26/2018 00:20:01,     0.0900,     9.6158,    982.389
06/26/2018 00:21:01,     0.0902,     9.9240,   1006.068
06/26/2018 00:22:01,     0.0899,    10.1461,   1006.165
06/26/2018 00:23:01,     0.0872,    10.2578,    982.389
06/26/2018 00:24:01,     0.0865,    10.3367,    986.769
06/26/2018 00:25:01,     0.0947,    10.2962,   1005.999
06/26/2018 00:26:01,     0.0986,    10.1569,    982.225
06/26/2018 00:27:01,     0.0945,     9.9602,    982.355
06/26/2018 00:28:01,     0.0880,     9.7040,   1006.098
06/26/2018 00:29:01,     0.0837,     9.4566,    982.329
06/26/2018 00:30:01,     0.0884,     9.1426,    982.370
06/26/2018 00:31:01,     0.0856,     8.9119,   1006.232
06/26/2018 00:32:01,     0.0869,     8.6987,    982.298
06/26/2018 00:33:01,     0.1103,     8.5761,   1006.191
06/26/2018 00:34:01,     0.1013,     8.5075,   1006.288
06/26/2018 00:35:01,     0.1047,     8.4411,    982.215
06/26/2018 00:36:01,     0.1131,     8.4109,    982.351
06/26/2018 00:37:01,     0.1186,     8.3602,    983.725
06/26/2018 00:38:01,     0.1217,     8.3094,   1006.178
06/26/2018 00:39:01,     0.1255,     8.2709,    982.266
06/26/2018 00:40:01,     0.1279,     8.2652,    982.838
06/26/2018 00:41:01,     0.1185,     8.3134,   1006.190
06/26/2018 00:42:01,     0.1174,     8.3332,    982.579
06/26/2018 00:43:01,     0.1203,     8.3890,    982.232
06/26/2018 00:44:01,     0.1150,     8.4982,   1006.389
06/26/2018 00:45:01,     0.1142,     8.6114,    982.310
06/26/2018 00:46:01,     0.1188,     8.7942,    982.361
06/26/2018 00:47:01,     0.1189,     9.0096,   1006.282
06/26/2018 00:48:01,     0.1225,     9.3556,   1006.298
06/26/2018 00:49:01,     0.1202,     9.6795,   1006.293
06/26/2018 00:50:01,     0.1189,     9.8944,    995.533
06/26/2018 00:51:01,     0.1151,    10.0478,   1006.297
06/26/2018 00:52:01,     0.1168,    10.2272,    982.446
06/26/2018 00:53:01,     0.1202,    10.3520,    982.484
06/26/2018 00:54:01,     0.1216,    10.3055,   1006.320
06/26/2018 00:55:01,     0.1260,    10.1555,    982.422
06/26/2018 00:56:01,     0.1298,     9.8969,    982.357
06/26/2018 00:57:01,     0.1258,     9.6640,   1006.166
06/26/2018 00:58:01,     0.1231,     9.4307,    982.318
06/26/2018 00:59:01,     0.1289,     9.1535,    982.323
06/26/2018 01:00:01,     0.1320,     8.8794,   1006.262
06/26/2018 01:01:01,     0.1349,     8.6078,    982.301
06/26/2018 01:02:01,     0.1290,     8.4303,    982.348
06/26/2018 01:03:01,     0.1286,     8.3083,    982.752
06/26/2018 01:04:01,     0.1248,     8.2414,   1006.090
06/26/2018 01:05:01,     0.1242,     8.1312,   1006.181
06/26/2018 01:06:01,     0.1284,     8.0141,    986.867
06/26/2018 01:07:01,     0.1318,     7.9531,   1006.174
06/26/2018 01:08:01,     0.1314,     7.9331,    982.250
06/26/2018 01:09:01,     0.1281,     7.9675,    982.225
06/26/2018 01:10:01,     0.1346,     8.0349,   1006.219
06/26/2018 01:11:01,     0.1395,     8.1202,    982.134
06/26/2018 01:12:01,     0.1429,     8.2188,    982.313
06/26/2018 01:13:01,     0.1411,     8.3022,   1006.121
06/26/2018 01:14:01,     0.1364,     8.4541,   1006.039
06/26/2018 01:15:01,     0.1330,     8.5991,    982.216
06/26/2018 01:16:01,     0.1296,     8.7145,   1006.127
06/26/2018 01:17:01,     0.1282,     8.8706,   1004.110
06/26/2018 01:18:01,     0.1320,     8.9950,    982.373
06/26/2018 01:19:01,     0.1287,     9.1620,    982.575
06/26/2018 01:20:01,     0.1282,     9.2729,   1006.193
06/26/2018 01:21:01,     0.1245,     9.4314,   1006.242
06/26/2018 01:22:01,     0.1303,     9.5646,    982.443
06/26/2018 01:23:01,     0.1334,     9.7204,   1006.177
06/26/2018 01:24:01,     0.1368,     9.8800,    982.317
06/26/2018 01:25:01,     0.1420,     9.9985,    982.247
06/26/2018 01:26:01,     0.1435,    10.1614,    982.794
06/26/2018 01:27:01,     0.1436,    10.2562,    982.247
06/26/2018 01:28:01,     0.1452,    10.3630,    982.175
06/26/2018 01:29:01,     0.1488,    10.4080,    987.789
06/26/2018 01:30:01,     0.1511,    10.4772,   1006.111
06/26/2018 01:31:01,     0.1458,    10.4958,    982.178
06/26/2018 01:32:01,     0.1398,    10.4833,   1006.083
06/26/2018 01:33:01,     0.1340,    10.4925,   1005.896
06/26/2018 01:34:01,     0.1266,    10.4531,    982.089
06/26/2018 01:35:01,     0.1253,    10.4234,    982.168
06/26/2018 01:36:01,     0.1209,    10.3974,   1006.052
06/26/2018 01:37:01,     0.1165,    10.3315,   1006.014
06/26/2018 01:38:01,     0.1172,    10.2494,    982.333
06/26/2018 01:39:01,     0.1146,    10.2194,   1006.051
06/26/2018 01:40:01,     0.1150,    10.1545,    982.067
06/26/2018 01:41:01,     0.1118,    10.0713,    982.149
06/26/2018 01:42:01,     0.1157,    10.0128,    982.529
06/26/2018 01:43:01,     0.1128,     9.9321,    982.156
06/26/2018 01:44:01,     0.1062,     9.8099,    982.105
06/26/2018 01:45:01,     0.1041,     9.7331,    982.405
06/26/2018 01:46:01,     0.1005,     9.6462,   1006.042
06/26/2018 01:47:01,     0.0981,     9.5695,    982.108
06/26/2018 01:48:01,     0.1002,     9.4477,   1006.027
06/26/2018 01:49:01,     0.0975,     9.4015,   1005.989
06/26/2018 01:50:01,     0.0989,     9.3117,    982.067
06/26/2018 01:51:01,     0.1062,     9.2144,    982.039
06/26/2018 01:52:01,     0.1126,     9.1522,   1005.910
06/26/2018 01:53:01,     0.1133,     9.1692,   1005.951
06/26/2018 01:54:01,     0.1213,     9.2156,    982.083
06/26/2018 01:55:01,     0.1355,     9.3575,   1005.842
06/26/2018 01:56:01,     0.1499,     9.6775,   1005.704
06/26/2018 01:57:01,     0.1655,     9.9790,    981.932
06/26/2018 01:58:01,     0.1754,    10.3071,    982.001
06/26/2018 01:59:01,     0.1832,    10.5736,   1001.954
06/26/2018 02:00:01,     0.1744,    10.8817,    982.771
06/26/2018 02:01:01,     0.1859,    11.0475,   1005.875
06/26/2018 02:02:01,     0.1879,    11.1731,   1005.862
06/26/2018 02:03:01,     0.1830,    11.2591,    981.833
06/26/2018 02:04:01,     0.1729,    11.0762,    982.080
06/26/2018 02:05:01,     0.1633,    10.8603,   1005.863
06/26/2018 02:06:01,     0.1536,    10.6007,    981.909
06/26/2018 02:07:01,     0.1447,    10.2833,    981.947
06/26/2018 02:08:01,     0.1431,    10.0611,   1005.821
06/26/2018 02:09:01,     0.1391,     9.7998,    999.548
06/26/2018 02:10:01,     0.1296,     9.3867,   1005.831
06/26/2018 02:11:01,     0.1204,     9.0794,   1005.887
06/26/2018 02:12:01,     0.1095,     8.7270,   1003.964
06/26/2018 02:13:01,     0.1009,     8.4341,    981.808
06/26/2018 02:14:01,     0.0961,     8.1277,    982.522
06/26/2018 02:15:01,     0.0928,     7.8301,   1005.812
06/26/2018 02:16:01,     0.0995,     7.5883,    981.758
06/26/2018 02:17:01,     0.0950,     7.3959,    986.336
06/26/2018 02:18:01,     0.0906,     7.2643,   1005.682
06/26/2018 02:19:01,     0.0867,     7.1653,    981.752
06/26/2018 02:20:01,     0.0895,     7.0916,    981.764
06/26/2018 02:21:01,     0.0955,     7.0632,   1005.638
06/26/2018 02:22:01,     0.1024,     7.1264,    981.679
06/26/2018 02:23:01,     0.1019,     7.2337,    981.710
06/26/2018 02:24:01,     0.0938,     7.3990,    994.868
06/26/2018 02:25:01,     0.0931,     7.5678,   1005.661
06/26/2018 02:26:01,     0.0951,     7.7679,   1005.666
06/26/2018 02:27:01,     0.0948,     7.9149,   1005.536
06/26/2018 02:28:01,     0.0934,     8.0823,   1005.240
06/26/2018 02:29:01,     0.0921,     8.2778,    981.906
06/26/2018 02:30:01,     0.0869,     8.3907,    981.872
06/26/2018 02:31:01,     0.0738,     8.4127,   1005.749
06/26/2018 02:32:01,     0.0695,     8.2560,    981.824
06/26/2018 02:33:01,     0.0700,     8.0558,    981.988
06/26/2018 02:34:01,     0.0646,     7.8414,   1005.802
06/26/2018 02:35:01,     0.0652,     7.5255,    981.815
06/26/2018 02:36:01,     0.0631,     7.1522,    981.853
06/26/2018 02:37:01,     0.0568,     6.7641,   1005.790
06/26/2018 02:38:01,     0.0506,     6.3507,    981.833
06/26/2018 02:39:01,     0.0448,     6.0292,    981.808
06/26/2018 02:40:01,     0.0443,     5.7771,    986.378
06/26/2018 02:41:01,     0.0426,     5.6381,   1005.790
06/26/2018 02:42:01,     0.0387,     5.4905,   1005.840
06/26/2018 02:43:01,     0.0370,     5.4205,    983.782
06/26/2018 02:44:01,     0.0377,     5.4127,   1005.799
06/26/2018 02:45:01,     0.0357,     5.4496,    981.922
06/26/2018 02:46:01,     0.0330,     5.5044,    982.058
06/26/2018 02:47:01,     0.0389,     5.5494,   1005.859
06/26/2018 02:48:01,     0.0391,     5.5726,    981.824
06/26/2018 02:49:01,     0.0430,     5.6633,    981.884
06/26/2018 02:50:01,     0.0494,     5.6876,   1005.885
06/26/2018 02:51:01,     0.0592,     5.7492,   1002.565
06/26/2018 02:52:01,     0.0623,     5.8548,    981.831
06/26/2018 02:53:01,     0.0660,     5.9425,   1005.726
06/26/2018 02:54:01,     0.0637,     6.1362,   1005.053
06/26/2018 02:55:01,     0.0708,     6.2497,    981.932
06/26/2018 02:56:01,     0.0768,     6.3438,    982.405
06/26/2018 02:57:01,     0.0781,     6.4035,   1005.897
06/26/2018 02:58:02,     0.0776,     6.4816,   1005.896
06/26/2018 02:59:01,     0.0709,     6.5790,    982.920
06/26/2018 03:00:01,     0.0623,     6.6227,   1005.925
06/26/2018 03:01:01,     0.0610,     6.6357,    981.972
06/26/2018 03:02:01,     0.0608,     6.5641,    982.093
06/26/2018 03:03:01,     0.0569,     6.4769,    987.596
06/26/2018 03:04:01,     0.0489,     6.4415,    982.026
06/26/2018 03:05:01,     0.0556,     6.3757,    982.105
06/26/2018 03:06:01,     0.0597,     6.3199,   1005.942
06/26/2018 03:07:01,     0.0573,     6.3019,   1005.808
06/26/2018 03:08:01,     0.0605,     6.2096,    982.023
06/26/2018 03:09:01,     0.0686,     6.0702,   1006.038
06/26/2018 03:10:01,     0.0682,     5.9756,   1005.778
06/26/2018 03:11:01,     0.0712,     5.8827,    982.096
06/26/2018 03:12:01,     0.0766,     5.8309,    982.187
06/26/2018 03:13:01,     0.0800,     5.7945,   1006.058
06/26/2018 03:14:01,     0.0682,     5.8590,   1006.017
06/26/2018 03:15:01,     0.0665,     5.8799,    982.194
06/26/2018 03:16:01,     0.0663,     5.9070,   1006.061
06/26/2018 03:17:01,     0.0632,     5.9905,    982.023
06/26/2018 03:18:01,     0.0640,     6.0959,    982.045
06/26/2018 03:19:01,     0.0616,     6.2469,    984.862
06/26/2018 03:20:01,     0.0611,     6.4748,    982.222
06/26/2018 03:21:01,     0.0637,     6.6603,    982.067
06/26/2018 03:22:01,     0.0683,     6.8202,    983.223
06/26/2018 03:23:01,     0.0750,     6.9183,   1006.032
06/26/2018 03:24:01,     0.0732,     7.0361,    982.020
06/26/2018 03:25:01,     0.0769,     7.1580,   1006.030
06/26/2018 03:26:01,     0.0831,     7.2397,   1005.978
06/26/2018 03:27:01,     0.0795,     7.2954,    982.099
06/26/2018 03:28:01,     0.0882,     7.3157,    982.197
06/26/2018 03:29:01,     0.0921,     7.1744,   1006.036
06/26/2018 03:30:01,     0.0819,     6.9518,   1006.039
06/26/2018 03:31:01,     0.0789,     6.7156,    982.121
06/26/2018 03:32:01,     0.0786,     6.4975,   1005.991
06/26/2018 03:33:01,     0.0815,     6.2696,   1006.032
06/26/2018 03:34:01,     0.0753,     6.0553,    982.124
06/26/2018 03:35:01,     0.0775,     5.8354,    982.421
06/26/2018 03:36:01,     0.0789,     5.6627,   1005.985
06/26/2018 03:37:01,     0.0773,     5.4962,    982.099
06/26/2018 03:38:01,     0.0784,     5.4582,    982.778
06/26/2018 03:39:01,     0.0790,     5.4543,   1006.125
06/26/2018 03:40:01,     0.0778,     5.4666,    982.210
06/26/2018 03:41:01,     0.0776,     5.4820,   1006.098
06/26/2018 03:42:01,     0.0811,     5.5137,   1006.171
06/26/2018 03:43:01,     0.0768,     5.5311,    982.149
06/26/2018 03:44:01,     0.0738,     5.5688,    982.235
06/26/2018 03:45:02,     0.0770,     5.5967,    983.706
06/26/2018 03:46:01,     0.0764,     5.6354,   1006.067
06/26/2018 03:47:01,     0.0824,     5.6605,    982.251
06/26/2018 03:48:01,     0.0781,     5.6929,    984.357
06/26/2018 03:49:01,     0.0795,     5.7239,   1006.193
06/26/2018 03:50:01,     0.0838,     5.7527,    982.134
06/26/2018 03:51:01,     0.0803,     5.7696,    982.244
06/26/2018 03:52:01,     0.0827,     5.8053,   1004.991
06/26/2018 03:53:01,     0.0879,     5.7893,    982.136
06/26/2018 03:54:01,     0.0866,     5.7746,    982.456
06/26/2018 03:55:01,     0.0882,     5.7453,   1006.068
06/26/2018 03:56:01,     0.0849,     5.7336,   1004.769
06/26/2018 03:57:01,     0.0834,     5.7350,   1006.162
06/26/2018 03:58:01,     0.0889,     5.7198,   1006.197
06/26/2018 03:59:01,     0.0954,     5.7107,    982.285
06/26/2018 04:00:01,     0.1040,     5.7134,    982.389
06/26/2018 04:01:01,     0.1077,     5.7500,   1006.260
06/26/2018 04:02:02,     0.1096,     5.7679,   1006.314
06/26/2018 04:03:01,     0.1228,     5.7840,    982.310
06/26/2018 04:04:01,     0.1331,     5.8293,    985.392
06/26/2018 04:05:01,     0.1408,     5.8831,   1006.169
06/26/2018 04:06:01,     0.1552,     5.9069,    982.285
06/26/2018 04:07:01,     0.1599,     5.9791,    982.434
06/26/2018 04:08:01,     0.1654,     6.0350,   1006.191
06/26/2018 04:09:01,     0.1702,     6.0863,    982.402
06/26/2018 04:10:01,     0.1838,     6.1899,    982.351
06/26/2018 04:11:01,     0.1972,     6.2781,   1006.181
06/26/2018 04:12:01,     0.2015,     6.3541,   1005.399
06/26/2018 04:13:01,     0.2110,     6.4073,   1006.199
06/26/2018 04:14:01,     0.2211,     6.4170,   1006.092
06/26/2018 04:15:01,     0.2365,     6.4603,   1005.670
06/26/2018 04:16:01,     0.2464,     6.5561,    982.197
06/26/2018 04:17:01,     0.2592,     6.6483,    982.399
06/26/2018 04:18:01,     0.2734,     6.6932,   1006.350
06/26/2018 04:19:01,     0.2772,     6.7244,    982.301
06/26/2018 04:20:01,     0.2826,     6.7364,    983.924
06/26/2018 04:21:01,     0.2928,     6.7431,   1006.298
06/26/2018 04:22:01,     0.2974,     6.7410,    982.329
06/26/2018 04:23:01,     0.3017,     6.7513,    982.310
06/26/2018 04:24:01,     0.3036,     6.7165,   1006.348
06/26/2018 04:25:01,     0.3036,     6.6334,    982.399
06/26/2018 04:26:01,     0.3127,     6.5430,    982.361
06/26/2018 04:27:01,     0.3146,     6.4515,    989.443
06/26/2018 04:28:01,     0.3178,     6.4190,   1006.232
06/26/2018 04:29:01,     0.3298,     6.4341,   1006.336
06/26/2018 04:30:01,     0.3405,     6.4965,   1006.380
06/26/2018 04:31:01,     0.3577,     6.5204,   1006.136
06/26/2018 04:32:01,     0.3723,     6.5302,    982.573
06/26/2018 04:33:01,     0.3988,     6.6221,    982.639
06/26/2018 04:34:01,     0.4393,     6.7845,   1006.358
06/26/2018 04:35:01,     0.4705,     7.0202,    982.459
06/26/2018 04:36:01,     0.5156,     7.2931,    982.481
06/26/2018 04:37:01,     0.5521,     7.4649,   1006.481
06/26/2018 04:38:01,     0.5886,     7.6429,    982.411
06/26/2018 04:39:01,     0.6172,     7.7164,    982.506
06/26/2018 04:40:01,     0.6426,     7.8941,   1006.430
06/26/2018 04:41:01,     0.6824,     8.0420,    982.531
06/26/2018 04:42:01,     0.7175,     8.1665,    982.535
06/26/2018 04:43:01,     0.7539,     8.2918,    983.169
06/26/2018 04:44:01,     0.7780,     8.3246,   1006.459
06/26/2018 04:45:01,     0.8168,     8.4134,   1006.516
06/26/2018 04:46:01,     0.8382,     8.5155,    988.114
06/26/2018 04:47:01,     0.8770,     8.6479,   1006.452
06/26/2018 04:48:01,     0.9264,     8.8418,    982.490
06/26/2018 04:49:01,     0.9660,     9.0033,    982.636
06/26/2018 04:50:01,     0.9845,     9.1483,    989.333
06/26/2018 04:51:01,     1.0062,     9.1837,    982.623
06/26/2018 04:52:01,     1.0253,     9.2633,    982.547
06/26/2018 04:53:01,     1.0548,     9.2982,   1006.534
06/26/2018 04:54:01,     1.0916,     9.3156,   1004.807
06/26/2018 04:55:01,     1.1339,     9.3800,    982.727
06/26/2018 04:56:01,     1.1830,     9.4519,   1006.534
06/26/2018 04:57:01,     1.2467,     9.5524,   1006.155
06/26/2018 04:58:01,     1.3349,     9.6642,    982.598
06/26/2018 04:59:01,     1.4303,     9.8810,    982.689
06/26/2018 05:00:01,     1.4988,     9.9958,   1006.528
06/26/2018 05:01:01,     1.6144,    10.2043,   1006.623
06/26/2018 05:02:01,     1.6904,    10.3179,    983.201
06/26/2018 05:03:01,     1.7536,    10.3950,   1006.588
06/26/2018 05:04:01,     1.8262,    10.4475,    989.819
06/26/2018 05:05:01,     1.8805,    10.4999,    982.645
06/26/2018 05:06:01,     1.9453,    10.5606,    983.207
06/26/2018 05:07:01,     2.0069,    10.6041,    982.664
06/26/2018 05:08:01,     2.0836,    10.7578,    982.601
06/26/2018 05:09:01,     2.1506,    10.9175,    987.233
06/26/2018 05:10:01,     2.2131,    11.0003,   1006.516
06/26/2018 05:11:01,     2.3160,    11.2330,    982.731
06/26/2018 05:12:01,     2.5373,    11.5898,   1006.648
06/26/2018 05:13:01,     2.6508,    11.7882,   1006.525
06/26/2018 05:14:01,     2.7642,    12.0503,    982.648
06/26/2018 05:15:01,     2.8489,    12.2296,    982.727
06/26/2018 05:16:01,     2.9090,    12.3316,   1006.677
06/26/2018 05:17:01,     3.1716,    12.1095,   1006.693
06/26/2018 05:18:01,     3.3995,    12.3262,    982.835
06/26/2018 05:19:01,     3.4756,    12.3895,   1006.638
06/26/2018 05:20:01,     3.5408,    12.3550,   1006.449
06/26/2018 05:21:01,     3.5528,    12.2764,    982.667
06/26/2018 05:22:01,     3.5708,    12.1753,    982.674
06/26/2018 05:23:01,     3.6538,    12.0710,   1005.554
06/26/2018 05:24:01,     3.7051,    11.9691,    982.443
06/26/2018 05:25:01,     3.7462,    11.9773,    983.131
06/26/2018 05:26:01,     3.5641,    12.1470,   1006.538
06/26/2018 05:27:01,     3.5128,    11.8872,    982.589
06/26/2018 05:28:01,     3.5042,    11.8155,   1006.544
06/26/2018 05:29:01,     3.5005,    11.7911,   1006.550
06/26/2018 05:30:01,     3.5108,    11.7737,    982.693
06/26/2018 05:31:01,     3.5529,    11.7318,    982.654
06/26/2018 05:32:01,     3.5916,    11.7808,   1006.623
06/26/2018 05:33:01,     3.6401,    11.7949,   1006.680
06/26/2018 05:34:01,     3.6959,    11.7802,    982.721
06/26/2018 05:35:01,     3.7569,    11.7940,   1006.617
06/26/2018 05:36:01,     3.8711,    11.8173,   1006.667
06/26/2018 05:37:01,     4.3705,    12.1036,    982.654
06/26/2018 05:38:01,     4.6502,    12.3861,    982.753
06/26/2018 05:39:01,     4.7586,    12.4674,   1005.701
06/26/2018 05:40:01,     4.7990,    12.5093,    982.784
06/26/2018 05:41:01,     4.8174,    12.4755,    982.752
06/26/2018 05:42:01,     4.8631,    12.4956,   1006.626
06/26/2018 05:43:01,     4.8932,    12.4434,    990.167
06/26/2018 05:44:01,     4.9898,    12.4932,   1006.516
06/26/2018 05:45:01,     4.7621,    12.5428,   1006.657
06/26/2018 05:46:02,     4.4900,    12.1393,   1004.071
06/26/2018 05:47:01,     4.4760,    12.0174,    982.654
06/26/2018 05:48:01,     4.5731,    12.0783,    983.709
06/26/2018 05:49:01,     4.7438,    12.1935,   1006.532
06/26/2018 05:50:01,     4.9436,    12.4087,    982.702
06/26/2018 05:51:01,     5.2294,    12.5950,    984.104
06/26/2018 05:52:01,     5.4467,    12.7727,   1006.645
06/26/2018 05:53:01,     5.6415,    12.9043,    982.645
06/26/2018 05:54:01,     5.9436,    13.0529,    982.576
06/26/2018 05:55:01,     6.1778,    13.2489,   1006.364
06/26/2018 05:56:01,     6.3935,    13.4035,    982.661
06/26/2018 05:57:01,     6.5333,    13.5121,    982.550
06/26/2018 05:58:01,     6.6080,    13.5828,   1006.323
06/26/2018 05:59:01,     6.7330,    13.6835,   1006.340
06/26/2018 06:00:01,     6.7218,    13.7315,   1006.411
06/26/2018 06:01:01,     6.7598,    13.7300,   1006.360
06/26/2018 06:02:01,     6.7965,    13.8259,   1006.289
06/26/2018 06:03:01,     6.7814,    13.7754,    982.443
06/26/2018 06:04:01,     6.7713,    13.7576,    982.595
06/26/2018 06:05:01,     6.8083,    13.7333,   1006.558
06/26/2018 06:06:01,     6.8825,    13.6986,    982.519
06/26/2018 06:07:01,     6.8848,    13.6432,    982.838
06/26/2018 06:08:01,     6.9248,    13.5543,   1006.427
06/26/2018 06:09:01,     6.9819,    13.5874,    982.747
06/26/2018 06:10:01,     7.0479,    13.5408,    982.699
06/26/2018 06:11:01,     7.0744,    13.5204,   1006.488
06/26/2018 06:12:01,     7.1526,    13.4698,    982.588
06/26/2018 06:13:01,     7.3429,    13.5087,    982.610
06/26/2018 06:14:01,     7.5018,    13.6823,    996.045
06/26/2018 06:15:01,     7.6194,    13.8441,   1006.693
06/26/2018 06:16:02,     7.8277,    13.9546,   1006.588
06/26/2018 06:17:01,     7.9046,    14.0508,   1006.595
06/26/2018 06:18:01,     8.0161,    14.1429,   1006.358
06/26/2018 06:19:01,     8.2100,    14.2671,    982.936
06/26/2018 06:20:01,     8.4754,    14.5059,    983.009
06/26/2018 06:21:01,     8.8228,    14.7013,   1006.804
06/26/2018 06:22:01,     9.0236,    14.7936,    982.872
06/26/2018 06:23:01,     9.2452,    14.8388,    982.983
06/26/2018 06:24:01,     9.4002,    14.8471,   1006.838
06/26/2018 06:25:01,     9.5476,    15.0211,    990.353
06/26/2018 06:26:01,     9.9542,    15.2198,    983.113
06/26/2018 06:27:01,    10.2262,    15.5767,   1006.784
06/26/2018 06:28:01,    10.2717,    15.6697,   1006.600
06/26/2018 06:29:01,    16.8528,     6.4658,    983.002
06/26/2018 06:30:01,    15.8589,    16.8400,    983.226
06/26/2018 06:31:01,    12.1805,    17.5190,   1006.852
06/26/2018 06:32:01,    10.4717,    16.3989,   1006.872
06/26/2018 06:33:01,    10.5627,    16.3200,    996.014
06/26/2018 06:34:01,    10.6595,    16.3769,   1006.859
06/26/2018 06:35:01,    10.7320,    16.4064,    983.052
06/26/2018 06:36:01,    10.7653,    16.3731,    983.100
06/26/2018 06:37:01,    10.8965,    16.2644,   1006.122
06/26/2018 06:38:01,    11.0925,    16.2128,    983.116
06/26/2018 06:39:01,    11.2451,    16.1619,    983.093
06/26/2018 06:40:01,    11.5286,    16.1533,   1006.953
06/26/2018 06:41:01,    11.7475,    16.1268,   1006.652
06/26/2018 06:42:01,    11.7473,    16.1420,    983.274
06/26/2018 06:43:01,    11.9500,    15.9349,   1007.087
06/26/2018 06:44:01,    12.5588,    16.6284,   1007.014
06/26/2018 06:45:01,    12.8105,    16.8682,    983.299
06/26/2018 06:46:01,    12.8384,    17.1393,    983.504
06/26/2018 06:47:01,    12.9256,    17.1475,   1007.036
06/26/2018 06:48:01,    13.0742,    17.3096,   1007.112
06/26/2018 06:49:01,    13.0515,    17.4843,    983.350
06/26/2018 06:50:01,    13.1758,    17.5254,   1007.042
06/26/2018 06:51:01,    13.2322,    17.7032,    998.798
06/26/2018 06:52:01,    12.9820,    17.6535,    983.245
06/26/2018 06:53:01,    12.7105,    17.1306,    984.985
06/26/2018 06:54:01,    12.7007,    17.0146,    983.276
06/26/2018 06:55:01,    12.8392,    17.0841,    983.153
06/26/2018 06:56:01,    12.7903,    17.2169,   1007.033
06/26/2018 06:57:01,    12.6636,    17.0854,   1006.829
06/26/2018 06:58:01,    12.7028,    16.9033,    983.141
06/26/2018 06:59:01,    12.8867,    16.8507,   1007.056
06/26/2018 07:00:01,    13.0486,    16.9607,   1007.014
06/26/2018 07:01:01,    13.1775,    17.0642,    983.172
06/26/2018 07:02:01,    13.0991,    17.0208,    983.229
06/26/2018 07:03:01,    13.1069,    16.9675,   1007.047
06/26/2018 07:04:01,    12.8837,    16.8243,   1007.050
06/26/2018 07:05:01,    12.9149,    16.6480,    983.179
06/26/2018 07:06:01,    12.8958,    16.6083,   1007.095
06/26/2018 07:07:01,    12.8310,    16.6944,   1002.076
06/26/2018 07:08:01,    12.6587,    16.7458,    983.147
06/26/2018 07:09:01,    12.4913,    16.6139,    984.445
06/26/2018 07:10:01,    12.4965,    16.4675,    983.204
06/26/2018 07:11:01,    12.5683,    16.5689,    983.188
06/26/2018 07:12:01,    12.8430,    16.5524,    985.749
06/26/2018 07:13:01,    13.1564,    16.6283,   1007.053
06/26/2018 07:14:01,    13.3195,    16.8695,    983.207
06/26/2018 07:15:01,    13.5531,    16.9505,   1006.995
06/26/2018 07:16:01,    13.5811,    16.9609,   1006.986
06/26/2018 07:17:01,    13.6976,    16.9599,    983.204
06/26/2018 07:18:01,    13.8003,    17.0335,    983.299
06/26/2018 07:19:01,    13.8746,    17.0422,    992.310
06/26/2018 07:20:01,    13.8259,    17.0903,   1007.132
06/26/2018 07:21:01,    13.6600,    17.1157,    983.255
06/26/2018 07:22:01,    13.6046,    17.0583,   1006.959
06/26/2018 07:23:01,    13.5418,    17.0067,   1006.664
06/26/2018 07:24:01,    13.4175,    17.0516,    983.154
06/26/2018 07:25:01,    13.3913,    17.0049,    983.210
06/26/2018 07:26:01,    13.3631,    16.8705,   1001.795
06/26/2018 07:27:01,    13.1703,    16.8666,    983.087
06/26/2018 07:28:01,    12.9034,    16.7556,    983.232
06/26/2018 07:29:01,    12.7900,    16.5047,   1006.987
06/26/2018 07:30:01,    12.7469,    16.4836,    983.027
06/26/2018 07:31:01,    12.8348,    16.4712,   1006.847
06/26/2018 07:32:01,    13.1737,    16.5061,   1006.817
06/26/2018 07:33:01,    14.0738,    17.1074,    983.034
06/26/2018 07:34:01,    15.3297,    17.9082,    983.075
06/26/2018 07:35:01,    15.7025,    18.5872,    986.747
06/26/2018 07:36:01,    16.1990,    18.7503,   1006.964
06/26/2018 07:37:01,    16.3708,    19.0667,    983.160
06/26/2018 07:38:01,    16.1860,    19.2461,    984.148
06/26/2018 07:39:01,    15.9348,    19.1092,   1006.743
06/26/2018 07:40:01,    15.5771,    19.1133,    982.914
06/26/2018 07:41:01,    15.0299,    18.5500,    983.008
06/26/2018 07:42:01,    14.0202,    17.7436,   1006.692
06/26/2018 07:43:02,    12.9814,    17.0848,    982.936
06/26/2018 07:44:01,    12.2777,    16.5892,    983.008
06/26/2018 07:45:01,    11.7422,    16.2672,   1006.850
06/26/2018 07:46:01,    11.3266,    15.9255,   1006.513
06/26/2018 07:47:01,    10.8943,    15.3867,   1006.809
06/26/2018 07:48:01,    10.6034,    15.1740,   1006.790
06/26/2018 07:49:01,    10.2996,    14.9334,   1006.796
06/26/2018 07:50:01,     9.9005,    14.9794,    982.977
06/26/2018 07:51:01,     9.5634,    14.7056,    983.163
06/26/2018 07:52:01,     9.5480,    14.6317,   1006.854
06/26/2018 07:53:01,     9.8114,    14.7046,    982.936
06/26/2018 07:54:01,    10.0973,    14.9435,    983.460
06/26/2018 07:55:01,    10.4111,    15.1377,   1006.743
06/26/2018 07:56:01,    10.8465,    15.5972,    982.901
06/26/2018 07:57:01,    11.1444,    15.7996,    982.866
06/26/2018 07:58:01,    11.3542,    15.9282,   1006.727
06/26/2018 07:59:01,    11.6176,    16.0246,    982.973
06/26/2018 08:00:01,    11.8441,    16.0645,    982.926
06/26/2018 08:01:01,    11.9115,    16.1516,   1006.746
06/26/2018 08:02:01,    12.0741,    16.3449,   1006.680
06/26/2018 08:03:01,    11.8350,    16.3253,   1006.763
06/26/2018 08:04:01,    11.5999,    16.2127,   1006.699
06/26/2018 08:05:01,    11.3725,    16.0358,   1006.402
06/26/2018 08:06:01,    11.3754,    16.0428,    982.793
06/26/2018 08:07:01,    11.3592,    15.9961,    982.841
06/26/2018 08:08:01,    11.2892,    16.0237,   1006.766
06/26/2018 08:09:01,    11.3392,    16.0244,    982.819
06/26/2018 08:10:01,    11.4694,    16.0934,    982.869
06/26/2018 08:11:01,    11.5769,    15.9811,   1006.632
06/26/2018 08:12:01,    11.8678,    16.3598,    982.765
06/26/2018 08:13:01,    12.0410,    16.3945,    982.860
06/26/2018 08:14:01,    12.0376,    16.5004,   1006.617
06/26/2018 08:15:01,    11.8561,    16.6280,   1004.914
06/26/2018 08:16:01,    11.5644,    16.5515,    982.749
06/26/2018 08:17:01,    11.1305,    16.3601,    982.932
06/26/2018 08:18:01,    10.6512,    16.1451,   1006.633
06/26/2018 08:19:01,     9.8865,    15.5651,   1006.699
06/26/2018 08:20:01,     9.3058,    15.0510,    991.805
06/26/2018 08:21:01,     9.0671,    14.7186,   1006.632
06/26/2018 08:22:01,     8.8343,    14.5360,    982.756
06/26/2018 08:23:01,     8.5939,    14.4109,    982.873
06/26/2018 08:24:01,     8.2383,    14.0298,    994.742
06/26/2018 08:25:01,     7.8920,    13.6140,    982.714
06/26/2018 08:26:01,     7.7207,    13.4333,    982.838
06/26/2018 08:27:01,     7.5837,    13.4641,   1006.772
06/26/2018 08:28:01,     7.5046,    13.4125,   1003.964
06/26/2018 08:29:01,    15.6217,     8.6121,    982.803
06/26/2018 08:30:01,    11.5984,    17.5106,   1006.586
06/26/2018 08:31:01,     7.9293,    14.2166,   1002.578
06/26/2018 08:32:01,     7.8720,    13.7168,    982.664
06/26/2018 08:33:01,     7.9140,    13.3023,    982.872
06/26/2018 08:34:01,     7.9501,    13.3593,   1006.624
06/26/2018 08:35:01,     7.7357,    13.2494,   1006.570
06/26/2018 08:36:01,     7.5787,    13.1645,    982.898
06/26/2018 08:37:01,     7.4547,    13.0879,   1006.585
06/26/2018 08:38:01,     7.3719,    12.9940,    982.714
06/26/2018 08:39:01,     7.3146,    12.9992,    982.797
06/26/2018 08:40:01,     7.1727,    12.9287,    983.372
06/26/2018 08:41:01,     7.0768,    12.8754,    982.711
06/26/2018 08:42:01,     6.9690,    12.8968,    982.733
06/26/2018 08:43:01,     6.8948,    12.6224,    988.233
06/26/2018 08:44:01,     7.1037,    12.6774,   1006.595
06/26/2018 08:45:01,    12.6481,     9.1607,    982.674
06/26/2018 08:46:01,     7.9519,    14.1634,   1006.519
06/26/2018 08:47:01,     7.1677,    14.0267,   1006.416
06/26/2018 08:48:01,     6.7400,    13.1810,    982.686
06/26/2018 08:49:01,    27.1519,    24.8196,    982.812
06/26/2018 08:50:01,     9.3350,    21.0137,   1006.522
06/26/2018 08:51:01,     8.3619,    15.4483,   1006.519
06/26/2018 08:52:01,     8.3481,    15.3232,    982.765
06/26/2018 08:53:01,     8.0332,    14.6346,   1006.413
06/26/2018 08:54:01,     7.9171,    14.5960,    982.610
06/26/2018 08:55:01,     7.9133,    14.5529,    982.721
06/26/2018 08:56:01,     7.9526,    14.5125,    987.954
06/26/2018 08:57:01,     7.9661,    14.5049,    982.673
06/26/2018 08:58:01,     7.9674,    14.5158,    982.604
06/26/2018 08:59:01,     7.9729,    14.5121,   1006.541
06/26/2018 09:00:01,     7.9921,    14.5333,   1006.292
06/26/2018 09:01:01,     8.0045,    14.4899,    982.689
06/26/2018 09:02:01,     8.2013,    14.4754,   1006.506
06/26/2018 09:03:01,     8.4104,    14.5763,   1006.544
06/26/2018 09:04:01,     8.4219,    14.8672,    982.626
06/26/2018 09:05:01,     8.2721,    14.8115,    982.695
06/26/2018 09:06:01,     8.1148,    14.6598,   1006.646
06/26/2018 09:07:01,     7.9404,    14.3592,   1006.526
06/26/2018 09:08:01,     7.7925,    14.2247,    982.686
06/26/2018 09:09:01,     7.6962,    14.0880,   1006.499
06/26/2018 09:10:01,     7.5256,    14.0135,   1005.584
06/26/2018 09:11:01,     7.2637,    13.9506,    982.513
06/26/2018 09:12:01,     6.9141,    13.7668,    984.701
06/26/2018 09:13:01,     6.8928,    13.5073,   1003.806
06/26/2018 09:14:01,     6.8724,    13.4619,    982.547
06/26/2018 09:15:01,     6.9191,    13.5611,    983.539
06/26/2018 09:16:01,     6.9087,    13.6259,   1006.370
06/26/2018 09:17:01,     6.8387,    13.6709,    982.655
06/26/2018 09:18:01,     6.7596,    13.6800,   1006.469
06/26/2018 09:19:01,     6.7382,    13.6663,   1006.382
06/26/2018 09:20:01,     6.6898,    13.5877,    982.582
06/26/2018 09:21:01,     6.6523,    13.5490,    982.544
06/26/2018 09:22:01,     6.6078,    13.5202,   1006.434
06/26/2018 09:23:01,     6.4733,    13.3791,   1006.544
06/26/2018 09:24:01,     6.2941,    13.2840,    982.585
06/26/2018 09:25:01,     6.1196,    13.1331,   1006.458
06/26/2018 09:26:01,     6.0642,    12.9624,   1006.388
06/26/2018 09:27:01,     5.9951,    12.8268,    982.598
06/26/2018 09:28:01,     5.9468,    12.7851,    982.658
06/26/2018 09:29:01,     5.9305,    12.8356,   1005.628
06/26/2018 09:30:01,     5.9840,    12.9053,    982.551
06/26/2018 09:31:01,     6.0069,    13.0438,    982.626
06/26/2018 09:32:01,     6.0333,    13.1049,   1006.187
06/26/2018 09:33:01,     6.1696,    13.2496,   1005.594
06/26/2018 09:34:01,     6.5207,    13.7082,   1006.351
06/26/2018 09:35:01,     6.7157,    14.0837,   1006.411
06/26/2018 09:36:01,     6.8413,    14.2940,    982.509
06/26/2018 09:37:01,     6.7661,    14.2319,    982.569
06/26/2018 09:38:01,     6.6650,    14.1267,    983.195
06/26/2018 09:39:01,     6.5700,    14.0406,   1006.320
06/26/2018 09:40:01,     6.5631,    13.9676,    982.433
06/26/2018 09:41:01,     6.4975,    14.0453,    986.911
06/26/2018 09:42:01,     6.3748,    13.8155,   1006.370
06/26/2018 09:43:01,     6.0807,    13.5360,    982.449
06/26/2018 09:44:01,     5.8618,    13.2758,    982.424
06/26/2018 09:45:01,     5.7582,    13.1541,   1006.263
06/26/2018 09:46:01,     5.7659,    13.2168,    982.433
06/26/2018 09:47:01,     5.7983,    13.1646,    982.437
06/26/2018 09:48:01,     5.8376,    13.1724,   1006.307
06/26/2018 09:49:01,     5.9405,    13.2308,   1003.996
06/26/2018 09:50:01,     6.1004,    13.3891,   1006.253
06/26/2018 09:51:01,     6.1990,    13.5904,   1006.161
06/26/2018 09:52:01,     6.3014,    13.6746,   1000.034
06/26/2018 09:53:01,     6.3799,    13.8144,    982.231
06/26/2018 09:54:01,     6.4618,    13.9470,    982.582
06/26/2018 09:55:01,     6.5299,    14.0481,   1006.200
06/26/2018 09:56:01,     6.5609,    14.1583,    982.222
06/26/2018 09:57:01,     6.5274,    14.2115,    982.942
06/26/2018 09:58:01,     6.4599,    14.1293,   1006.192
06/26/2018 09:59:01,     6.4030,    13.9391,    982.332
06/26/2018 10:00:01,     6.3355,    13.8566,    982.234
06/26/2018 10:01:01,     6.2725,    13.8610,   1006.184
06/26/2018 10:02:01,     6.2510,    13.8320,    982.130
06/26/2018 10:03:01,     6.2455,    13.8497,    982.206
06/26/2018 10:04:01,     6.2015,    13.7319,    995.396
06/26/2018 10:05:01,     6.1558,    13.6435,   1006.051
06/26/2018 10:06:01,     6.1362,    13.6513,   1006.064
06/26/2018 10:07:01,     6.0834,    13.7226,    985.961
06/26/2018 10:08:01,     6.0373,    13.7188,   1006.095
06/26/2018 10:09:01,     5.9400,    13.5814,    982.212
06/26/2018 10:10:01,     5.8059,    13.3623,    982.200
06/26/2018 10:11:01,     5.6417,    13.0495,   1006.048
06/26/2018 10:12:01,     5.5263,    12.8752,    982.225
06/26/2018 10:13:01,     5.3428,    12.5887,    982.162
06/26/2018 10:14:01,     5.1646,    12.2962,   1006.055
06/26/2018 10:15:01,     4.9140,    11.8445,    988.888
06/26/2018 10:16:01,     4.6882,    11.3479,    982.134
06/26/2018 10:17:01,     4.4716,    10.9120,   1005.831
06/26/2018 10:18:01,     4.3485,    10.6318,   1003.901
06/26/2018 10:19:01,     4.2506,    10.4017,    982.074
06/26/2018 10:20:01,     4.0993,    10.1841,    982.449
06/26/2018 10:21:01,     4.0643,     9.9845,   1006.222
06/26/2018 10:22:01,     4.0244,     9.8364,   1006.090
06/26/2018 10:23:01,     4.1003,     9.8757,    983.858
06/26/2018 10:24:01,     4.1195,     9.9805,   1005.921
06/26/2018 10:25:01,     4.1397,    10.0791,    982.168
06/26/2018 10:26:01,     4.1639,    10.1489,    982.396
06/26/2018 10:27:01,     4.1625,    10.1343,   1004.959
06/26/2018 10:28:01,     4.1597,    10.1880,    982.060
06/26/2018 10:29:01,     4.1177,    10.1951,    982.279
06/26/2018 10:30:01,     4.0682,    10.1564,   1006.036
06/26/2018 10:31:01,     4.0123,    10.0710,   1005.565
06/26/2018 10:32:01,     3.8889,     9.9605,    982.130
06/26/2018 10:33:01,     3.8841,     9.8407,   1005.922
06/26/2018 10:34:01,     3.8303,     9.7533,   1006.045
06/26/2018 10:35:01,     3.7314,     9.6050,    982.010
06/26/2018 10:36:01,     3.6610,     9.4315,    982.415
06/26/2018 10:37:01,     3.6168,     9.2954,   1006.112
06/26/2018 10:38:01,     3.6158,     9.2394,   1006.086
06/26/2018 10:39:01,     3.6086,     9.2115,    982.535
06/26/2018 10:40:01,     3.6159,     9.1890,   1006.095
06/26/2018 10:41:01,     3.6394,     9.1137,   1002.146
06/26/2018 10:42:01,     3.6418,     9.0742,    982.080
06/26/2018 10:43:01,     3.7396,     9.1886,    983.268
06/26/2018 10:44:01,     3.8525,     9.4523,    982.244
06/26/2018 10:45:01,     3.9494,     9.5280,    982.193
06/26/2018 10:46:01,     4.0188,     9.6010,    984.729
06/26/2018 10:47:01,     4.0490,     9.6434,   1005.976
06/26/2018 10:48:01,     4.0770,     9.7671,    982.083
06/26/2018 10:49:01,     4.0716,     9.8783,   1006.045
06/26/2018 10:50:01,     4.0572,     9.9150,   1006.055
06/26/2018 10:51:01,     4.0026,     9.8096,    982.102
06/26/2018 10:52:01,     3.9270,     9.6265,    982.317
06/26/2018 10:53:01,     3.8946,     9.4871,   1005.948
06/26/2018 10:54:01,     3.8495,     9.4167,   1006.191
06/26/2018 10:55:01,     3.8182,     9.4495,    982.377
06/26/2018 10:56:01,     3.7902,     9.3657,   1006.070
06/26/2018 10:57:01,     3.7872,     9.1949,   1005.606
06/26/2018 10:58:01,     3.7706,     9.1525,    982.048
06/26/2018 10:59:01,     3.7584,     9.1843,    982.446
06/26/2018 11:00:01,     3.7256,     9.1769,   1005.111
06/26/2018 11:01:01,     3.7072,     9.1905,    981.998
06/26/2018 11:02:01,     3.6949,     9.1435,    983.795
06/26/2018 11:03:01,     3.6626,     9.0339,   1005.903
06/26/2018 11:04:01,     3.6145,     8.9900,    982.282
06/26/2018 11:05:01,     3.5573,     8.9481,   1006.111
06/26/2018 11:06:01,     3.5503,     8.8783,   1005.910
06/26/2018 11:12:01,     2.0513,    -0.0345,    983.789
06/26/2018 11:13:01,     2.1071,     0.2934,    980.488
06/26/2018 11:14:01,     2.3207,     1.2221,   1004.739
06/26/2018 11:15:01,     2.5587,     2.2878,    982.150
06/26/2018 11:16:01,     2.7510,     3.2353,    984.334
06/26/2018 11:17:01,     2.8916,     4.0144,   1005.852
06/26/2018 11:18:01,     3.0473,     4.9921,    981.679
06/26/2018 11:19:01,     3.2160,     5.9532,    981.616
06/26/2018 11:20:01,     3.3828,     6.9568,   1005.178
06/26/2018 11:21:01,     3.5932,     8.0010,    981.398
06/26/2018 11:22:01,     3.5674,     8.2602,    981.625
06/26/2018 11:23:01,     3.4593,     8.1737,   1005.433
06/26/2018 11:24:01,     3.3601,     8.0213,   1005.276
06/26/2018 11:25:01,     3.2681,     8.0057,   1005.287
06/26/2018 11:26:01,     3.2191,     7.9584,   1005.421
06/26/2018 11:27:01,     3.1623,     7.9036,   1004.659
06/26/2018 11:28:01,     3.0653,     7.8069,    981.572
06/26/2018 11:29:01,     2.9909,     7.6473,    981.783
06/26/2018 11:30:01,     2.9510,     7.5779,   1005.417
06/26/2018 11:31:01,     2.8889,     7.5236,    981.609
06/26/2018 11:32:01,     2.8333,     7.4805,    981.537
06/26/2018 11:33:01,     2.7825,     7.4462,   1005.581
06/26/2018 11:34:01,     2.7143,     7.3338,    981.568
06/26/2018 11:35:01,     2.6260,     7.2342,    981.644
06/26/2018 11:36:01,     2.5760,     7.1691,   1005.482
06/26/2018 11:37:01,     2.5342,     7.1378,    981.540
06/26/2018 11:38:01,     2.4408,     7.0327,    981.663
06/26/2018 11:39:01,     2.3469,     6.8553,    982.765
06/26/2018 11:40:01,     2.2978,     6.7690,   1005.670
06/26/2018 11:41:01,     2.2354,     6.6477,   1005.571
06/26/2018 11:42:01,     2.1862,     6.5584,   1005.559
06/26/2018 11:43:01,     2.1630,     6.4154,   1005.483
06/26/2018 11:44:01,     2.1253,     6.3153,    981.521
06/26/2018 11:45:01,     2.0705,     6.2075,    981.603
06/26/2018 11:46:01,     2.0134,     6.1503,   1005.433
06/26/2018 11:47:01,     2.0828,     6.2485,    981.543
06/26/2018 11:48:01,     2.0638,     6.2482,    981.537
06/26/2018 11:49:01,     2.0225,     6.1758,   1005.427
06/26/2018 11:50:01,     1.9700,     6.0912,   1004.849
06/26/2018 11:51:01,     1.9300,     5.9692,    981.676
06/26/2018 11:52:01,     1.8922,     5.9297,   1005.386
06/26/2018 11:53:01,     1.8464,     5.8495,   1005.290
06/26/2018 11:54:01,     1.8360,     5.7981,    981.559
06/26/2018 11:55:01,     1.8275,     5.7839,    981.565
06/26/2018 11:56:01,     1.7312,     5.5434,   1005.354
06/26/2018 11:57:01,     1.7489,     5.5987,   1005.347
06/26/2018 11:58:01,     1.8711,     5.7926,    981.553
06/26/2018 11:59:01,     1.9375,     6.0075,   1005.375
06/26/2018 12:00:01,     1.9212,     6.0830,    981.493
06/26/2018 12:01:01,     1.9016,     6.0801,    981.452
06/26/2018 12:02:01,     1.9393,     6.1673,    981.660
06/26/2018 12:03:01,     1.9200,     6.1815,    981.376
06/26/2018 12:04:01,     1.8690,     6.0825,    981.392
06/26/2018 12:05:01,     1.7772,     5.8933,    983.128
06/26/2018 12:06:01,     1.7048,     5.7306,   1005.158
06/26/2018 12:07:01,     1.5451,     5.4401,    981.262
06/26/2018 12:08:01,     1.5332,     5.2733,   1005.227
06/26/2018 12:09:01,     1.5480,     5.2795,   1005.196
06/26/2018 12:10:02,     1.5385,     5.2421,    981.354
06/26/2018 12:11:01,     1.4699,     5.1038,    981.363
06/26/2018 12:12:01,     1.4311,     4.9581,   1005.221
06/26/2018 12:13:01,     1.4191,     4.8254,   1005.231
06/26/2018 12:14:01,     1.4367,     4.8179,    981.490
06/26/2018 12:15:01,     1.4557,     4.7678,   1005.135
06/26/2018 12:16:01,     1.4024,     4.6441,   1004.226
06/26/2018 12:17:01,     1.3110,     4.4229,    981.281
06/26/2018 12:18:01,     1.3084,     4.1918,    981.818
06/26/2018 12:19:01,     1.4761,     4.3609,    981.284
06/26/2018 12:20:01,     1.6187,     4.5787,    981.287
06/26/2018 12:21:01,     1.7026,     4.7985,    981.555
06/26/2018 12:22:01,     1.7188,     4.9930,   1005.199
06/26/2018 12:23:01,     1.7541,     5.0574,    981.202
06/26/2018 12:24:01,     1.8503,     5.4496,   1005.097
06/26/2018 12:25:01,     1.8800,     5.5317,   1005.139
06/26/2018 12:26:01,     1.9225,     5.6439,    981.325
06/26/2018 12:27:01,     1.8131,     5.8635,    981.265
06/26/2018 12:28:01,     1.7242,     5.8699,   1005.151
06/26/2018 12:29:01,     1.6928,     5.7896,   1005.234
06/26/2018 12:30:01,     1.6201,     5.6523,    981.234
06/26/2018 12:31:01,     1.5910,     5.6233,   1005.022
06/26/2018 12:32:01,     1.5289,     5.5082,   1004.451
06/26/2018 12:33:01,     1.5803,     5.0711,    981.180
06/26/2018 12:34:01,     1.7377,     5.5908,    981.313
06/26/2018 12:35:01,     1.7140,     5.6185,   1004.893
06/26/2018 12:36:01,     1.7487,     5.4635,    981.174
06/26/2018 12:37:01,     1.8450,     5.4114,    981.303
06/26/2018 12:38:01,     2.0828,     5.4096,   1005.123
06/26/2018 12:39:01,     2.2235,     5.9663,    981.213
06/26/2018 12:40:01,     2.3046,     6.0430,   1005.024
06/26/2018 12:41:01,     2.3798,     6.2531,   1004.996
06/26/2018 12:42:01,     2.3622,     6.5416,    981.127
06/26/2018 12:43:01,     2.5915,     7.4184,    981.123
06/26/2018 12:44:01,     2.7748,     7.8805,    982.266
06/26/2018 12:45:01,     2.5730,     7.7032,   1005.127
06/26/2018 12:46:01,     2.4721,     7.4181,    981.070
06/26/2018 12:47:01,     2.1636,     6.9713,    981.704
06/26/2018 12:48:01,     2.3235,     7.3789,   1004.987
06/26/2018 12:49:01,     2.2411,     7.2055,    981.158
06/26/2018 12:50:01,     2.1454,     6.9731,    981.171
06/26/2018 12:51:01,     1.7913,     6.5023,   1005.000
06/26/2018 12:52:01,     1.4661,     5.3533,    981.133
06/26/2018 12:53:01,     1.4249,     4.9686,    981.123
06/26/2018 12:54:01,     1.4680,     4.9581,   1005.009
06/26/2018 12:55:01,     1.4141,     4.9619,   1004.533
06/26/2018 12:56:01,     1.2235,     4.8157,   1004.971
06/26/2018 12:57:01,     1.1705,     4.5338,   1005.028
06/26/2018 12:58:01,     1.1326,     4.3719,   1004.832
06/26/2018 12:59:01,     1.0753,     4.1365,    981.101
06/26/2018 13:00:01,     1.0195,     3.9067,    981.281
06/26/2018 13:01:01,     0.9996,     3.8641,   1005.079
06/26/2018 13:02:01,     0.9598,     3.6815,    981.152
06/26/2018 13:03:01,     0.9038,     3.6404,    981.420
06/26/2018 13:04:01,     0.8772,     3.3913,   1004.890
06/26/2018 13:05:01,     1.0850,     3.6893,    981.098
06/26/2018 13:06:01,     1.1994,     4.1560,    981.104
06/26/2018 13:07:01,     1.3391,     4.4352,   1004.987
06/26/2018 13:08:01,     1.3839,     4.6153,    980.991
06/26/2018 13:09:01,     1.4063,     4.6588,    981.029
06/26/2018 13:10:01,     1.6334,     5.0151,    981.660
06/26/2018 13:11:01,     1.8232,     5.5003,   1004.896
06/26/2018 13:12:01,     1.9906,     5.8950,   1004.947
06/26/2018 13:13:01,     1.9514,     6.0019,   1004.966
06/26/2018 13:14:01,     1.6937,     5.4888,   1004.943
06/26/2018 13:15:01,     1.6180,     5.4046,    981.003
06/26/2018 13:16:01,     1.5535,     5.2201,    981.120
06/26/2018 13:17:01,     1.5283,     5.0631,   1004.966
06/26/2018 13:18:01,     1.4339,     5.0154,    981.006
06/26/2018 13:19:01,     1.2200,     4.4847,    981.114
06/26/2018 13:20:01,     1.0912,     4.1161,   1004.839
06/26/2018 13:21:01,     0.9314,     3.7820,   1004.536
06/26/2018 13:22:01,     0.9136,     3.6243,    981.054
06/26/2018 13:23:01,     0.9036,     3.6030,   1004.989
06/26/2018 13:24:01,     0.8825,     3.4979,    999.989
06/26/2018 13:25:01,     0.9062,     3.5383,    981.063
06/26/2018 13:26:01,     0.9306,     3.6020,    982.471
06/26/2018 13:27:01,     0.9343,     3.6023,   1004.994
06/26/2018 13:28:01,     0.9210,     3.6241,   1004.966
06/26/2018 13:29:01,     0.9113,     3.5758,    981.874
06/26/2018 13:30:01,     0.8918,     3.5658,   1004.915
06/26/2018 13:31:01,     0.8794,     3.5321,    981.060
06/26/2018 13:32:01,     0.8518,     3.5000,    980.987
06/26/2018 13:33:01,     0.8529,     3.3857,    986.924
06/26/2018 13:34:01,     0.9599,     3.6259,    980.994
06/26/2018 13:35:01,     1.1878,     4.0493,    981.032
06/26/2018 13:36:01,     1.1975,     4.1285,   1004.766
06/26/2018 13:37:01,     1.3222,     4.3869,   1004.538
06/26/2018 13:38:01,     2.6002,    12.5373,    980.969
06/26/2018 13:39:01,     1.2343,     5.0041,   1004.896
06/26/2018 13:40:01,     1.1930,     4.5876,   1004.817
06/26/2018 13:41:01,     1.2466,     4.7333,    980.956
06/26/2018 13:42:01,     1.2249,     4.7585,    981.060
06/26/2018 13:43:01,     1.2009,     4.6606,   1004.742
06/26/2018 13:44:01,     1.1478,     4.4536,   1004.792
06/26/2018 13:45:01,     1.1105,     4.3488,    980.868
06/26/2018 13:46:01,     1.1424,     4.4244,   1004.852
06/26/2018 13:47:01,     1.1829,     4.5413,    999.910
06/26/2018 13:48:01,     1.1553,     4.4346,    980.956
06/26/2018 13:49:01,     1.1605,     4.4075,    982.279
06/26/2018 13:50:01,     1.2472,     4.5970,    980.839
06/26/2018 13:51:01,     1.2901,     4.8668,    980.962
06/26/2018 13:52:01,     1.3024,     4.9045,    983.444
06/26/2018 13:53:01,     1.4564,     4.8702,   1004.783
06/26/2018 13:54:01,     1.5508,     5.0247,    980.829
06/26/2018 13:55:01,     2.1670,     5.1666,   1004.669
06/26/2018 13:56:01,     2.3939,     5.7996,   1004.750
06/26/2018 13:57:01,     2.4631,     6.0247,    980.972
06/26/2018 13:58:01,     2.4435,     6.0231,    980.937
06/26/2018 13:59:01,     2.1914,     5.4220,   1004.754
06/26/2018 14:00:01,     2.2120,     5.3796,   1004.785
06/26/2018 14:01:01,     2.1339,     5.4452,    980.924
06/26/2018 14:02:01,     2.1089,     5.4775,   1004.640
06/26/2018 14:03:01,     2.1512,     5.6726,   1004.792
06/26/2018 14:04:01,     1.5471,     5.4534,    980.782
06/26/2018 14:05:01,     1.4175,     4.9966,    980.975
06/26/2018 14:06:01,     1.5005,     5.2134,   1001.508
06/26/2018 14:07:01,     1.4654,     5.0545,    980.823
06/26/2018 14:08:01,     1.4562,     4.9844,    980.836
06/26/2018 14:09:01,     1.4533,     4.9726,   1004.647
06/26/2018 14:10:01,     1.5357,     5.1653,    980.814
06/26/2018 14:11:01,     1.4790,     5.2705,   1004.710
06/26/2018 14:12:01,     1.4246,     5.0921,   1004.621
06/26/2018 14:13:01,     1.3295,     4.9608,    980.732
06/26/2018 14:14:01,     1.2348,     4.6863,    980.817
06/26/2018 14:15:01,     1.1788,     4.5182,   1004.668
06/26/2018 14:16:01,     1.1900,     4.5806,   1004.667
06/26/2018 14:17:01,     1.1852,     4.5200,    980.687
06/26/2018 14:18:01,     1.2131,     4.6574,    986.266
06/26/2018 14:19:01,     1.1601,     4.5305,   1004.697
06/26/2018 14:20:01,     1.1064,     4.4306,    980.751
06/26/2018 14:21:01,     0.9996,     4.2287,    980.883
06/26/2018 14:22:01,     1.0524,     4.2094,   1004.625
06/26/2018 14:23:01,     1.1289,     4.3590,    980.804
06/26/2018 14:24:01,     1.2450,     4.6094,    980.703
06/26/2018 14:25:01,     1.3443,     4.8446,   1004.722
06/26/2018 14:26:01,     1.3552,     4.9171,   1004.461
06/26/2018 14:27:01,     1.3032,     4.7498,   1004.630
06/26/2018 14:28:01,     1.2784,     4.5746,   1004.705
06/26/2018 14:29:01,     1.2407,     4.5211,   1004.539
06/26/2018 14:30:01,     1.2228,     4.4622,    980.612
06/26/2018 14:31:01,     1.1571,     4.2837,    980.789
06/26/2018 14:32:01,     1.0775,     4.0605,   1004.530
06/26/2018 14:33:01,     0.9487,     3.7565,    980.630
06/26/2018 14:34:01,     0.9209,     3.6641,    981.227
06/26/2018 14:35:01,     0.9113,     3.5841,   1004.590
06/26/2018 14:36:01,     0.9026,     3.5752,    980.688
06/26/2018 14:37:01,     0.9354,     3.6052,    980.672
06/26/2018 14:38:01,     0.9559,     3.6199,   1004.561
06/26/2018 14:39:01,     0.9422,     3.5961,    980.615
06/26/2018 14:40:01,     0.9642,     3.6365,    980.760
06/26/2018 14:41:01,     1.0965,     3.8625,   1004.533
06/26/2018 14:42:01,     1.1846,     4.2313,   1004.406
06/26/2018 14:43:01,     1.1791,     4.3053,   1004.605
06/26/2018 14:44:01,     1.1812,     4.2760,   1004.541
06/26/2018 14:45:01,     1.1761,     4.3207,   1004.437
06/26/2018 14:46:01,     1.1594,     4.3479,    980.747
06/26/2018 14:47:01,     1.2213,     4.4721,    980.735
06/26/2018 14:48:01,     1.2780,     4.8308,   1004.539
06/26/2018 14:49:01,     1.2745,     4.8826,    980.634
06/26/2018 14:50:01,     1.1764,     4.7234,    980.751
06/26/2018 14:51:01,     1.1558,     4.6644,   1004.557
06/26/2018 14:52:01,     1.1586,     4.6467,   1004.495
06/26/2018 14:53:01,     1.1909,     4.7108,    980.744
06/26/2018 14:54:01,     1.1800,     4.7227,   1004.567
06/26/2018 14:55:01,     1.1412,     4.6032,    988.088
06/26/2018 14:56:01,     1.0548,     4.3587,    980.735
06/26/2018 14:57:01,     1.0325,     4.1813,    982.758
06/26/2018 14:58:01,     1.0007,     4.0694,   1004.581
06/26/2018 14:59:01,     0.9545,     3.8771,   1004.505
06/26/2018 15:00:01,     0.9489,     3.8018,    981.723
06/26/2018 15:01:01,     0.9175,     3.7926,   1004.507
06/26/2018 15:02:01,     0.9034,     3.7301,    980.596
06/26/2018 15:03:01,     0.9055,     3.7247,    980.586
06/26/2018 15:04:01,     0.9315,     3.7660,   1004.612
06/26/2018 15:05:01,     0.9254,     3.7742,    980.542
06/26/2018 15:06:01,     0.9083,     3.7687,    980.577
06/26/2018 15:07:01,     0.9073,     3.7833,   1004.432
06/26/2018 15:08:01,     0.9204,     3.7614,   1004.132
06/26/2018 15:09:01,     0.9463,     3.7362,    980.545
06/26/2018 15:10:01,     0.9652,     3.7857,   1004.435
06/26/2018 15:11:01,     1.0105,     3.7227,   1004.447
06/26/2018 15:12:01,     1.0186,     3.8389,    980.529
06/26/2018 15:13:01,     1.0494,     3.9282,    980.747
06/26/2018 15:14:01,     1.0697,     3.9561,   1004.539
06/26/2018 15:15:01,     1.0873,     3.9923,   1004.541
06/26/2018 15:16:01,     1.0677,     3.9512,    980.653
06/26/2018 15:17:01,     1.0445,     3.9262,   1004.440
06/26/2018 15:18:01,     1.0657,     3.9471,    980.469
06/26/2018 15:19:01,     1.0762,     3.9042,    980.669
06/26/2018 15:20:01,     1.0335,     3.8598,    984.909
06/26/2018 15:21:01,     1.0243,     3.7720,    996.279
06/26/2018 15:22:01,     0.9794,     3.7244,    980.564
06/26/2018 15:23:01,     0.9508,     3.6528,    982.414
06/26/2018 15:24:01,     0.9334,     3.5524,   1004.321
06/26/2018 15:25:01,     0.9307,     3.5691,    980.625
06/26/2018 15:26:01,     0.9195,     3.6358,   1004.527
06/26/2018 15:27:01,     0.8789,     3.5922,   1004.497
06/26/2018 15:28:01,     0.8569,     3.5843,    980.602
06/26/2018 15:29:01,     0.8292,     3.5236,    980.602
06/26/2018 15:30:01,     0.8527,     3.4976,   1004.657
06/26/2018 15:31:01,     0.8884,     3.5770,   1004.437
06/26/2018 15:32:01,     0.9086,     3.6559,    980.558
06/26/2018 15:33:01,     0.9242,     3.7168,   1004.344
06/26/2018 15:34:01,     0.9065,     3.7060,   1004.261
06/26/2018 15:35:01,     0.9105,     3.6698,    980.511
06/26/2018 15:36:01,     0.9153,     3.6854,    980.767
06/26/2018 15:37:01,     0.9264,     3.7129,   1001.148
06/26/2018 15:38:01,     0.9661,     3.7957,    980.615
06/26/2018 15:39:01,     0.9596,     3.9136,    980.589
06/26/2018 15:40:01,     0.9892,     4.0385,   1004.179
06/26/2018 15:41:01,     0.9757,     3.9869,    980.473
06/26/2018 15:42:01,     0.9627,     3.9547,   1004.245
06/26/2018 15:43:01,     0.9638,     3.9709,   1004.359
06/26/2018 15:44:01,     0.9530,     3.9589,    980.387
06/26/2018 15:45:01,     0.9539,     3.9597,    980.384
06/26/2018 15:46:01,     0.9330,     4.0098,    984.076
06/26/2018 15:47:01,     0.9111,     3.8891,   1004.274
06/26/2018 15:48:01,     0.9036,     3.8263,    980.463
06/26/2018 15:49:01,     0.8932,     3.7874,   1004.337
06/26/2018 15:50:01,     0.9135,     3.8401,   1004.135
06/26/2018 15:51:01,     0.9235,     3.8970,    980.435
06/26/2018 15:52:01,     0.9380,     3.9734,    980.378
06/26/2018 15:53:01,     0.9848,     4.1758,   1004.116
06/26/2018 15:54:01,     1.0284,     4.3085,    980.217
06/26/2018 15:55:01,     1.0407,     4.3362,    980.416
06/26/2018 15:56:01,     1.0419,     4.3798,   1004.084
06/26/2018 15:57:01,     1.0224,     4.3698,   1001.975
06/26/2018 15:58:01,     1.0250,     4.3948,   1004.214
06/26/2018 15:59:01,     1.0425,     4.4901,   1004.239
06/26/2018 16:00:01,     1.0256,     4.4346,    980.457
06/26/2018 16:01:01,     0.9992,     4.3416,    980.479
06/26/2018 16:02:01,     0.9520,     4.2120,    981.089
06/26/2018 16:03:01,     0.9344,     4.1650,   1004.476
06/26/2018 16:04:01,     0.8954,     4.0792,    980.286
06/26/2018 16:05:01,     0.8973,     4.0260,    981.183
06/26/2018 16:06:01,     0.8953,     4.0430,   1004.227
06/26/2018 16:07:01,     0.8645,     3.9799,    980.306
06/26/2018 16:08:01,     0.8674,     3.9128,    980.290
06/26/2018 16:09:01,     0.8818,     3.9484,   1004.018
06/26/2018 16:10:01,     0.8970,     3.9592,    980.204
06/26/2018 16:11:01,     1.0328,     4.1236,    980.103
06/26/2018 16:12:01,     1.1254,     4.3365,   1004.195
06/26/2018 16:13:01,     1.1707,     4.5126,   1003.975
06/26/2018 16:14:01,     1.3716,     4.8444,   1004.223
06/26/2018 16:15:01,     1.4035,     4.9621,   1004.116
06/26/2018 16:16:01,     1.4206,     5.0674,   1004.249
06/26/2018 16:17:01,     1.3780,     5.0043,    980.318
06/26/2018 16:18:01,     1.3964,     5.0361,    980.571
06/26/2018 16:19:01,     1.3331,     5.1574,   1004.182
06/26/2018 16:20:01,     1.2154,     4.9423,    980.132
06/26/2018 16:21:01,     1.2035,     4.9496,    980.321
06/26/2018 16:22:01,     1.1376,     4.8368,   1004.132
06/26/2018 16:23:01,     0.9739,     4.6415,    980.299
06/26/2018 16:24:01,     0.9722,     4.6484,    980.220
06/26/2018 16:25:01,     1.0143,     4.8548,   1003.993
06/26/2018 16:26:01,     1.0170,     4.9246,    980.097
06/26/2018 16:27:01,     0.9870,     4.8768,    980.043
06/26/2018 16:28:01,     1.0069,     4.9110,    980.498
06/26/2018 16:29:01,     1.0134,     5.0150,   1003.995
06/26/2018 16:30:01,     1.0134,     5.0862,   1003.901
06/26/2018 16:31:01,     1.0192,     5.1166,    981.464
06/26/2018 16:32:01,     1.0422,     5.1424,   1004.176
06/26/2018 16:33:01,     1.0001,     5.0520,    980.027
06/26/2018 16:34:01,     0.9801,     4.9736,    980.249
06/26/2018 16:35:01,     1.0108,     5.0454,   1003.981
06/26/2018 16:36:01,     1.0175,     5.0611,    980.255
06/26/2018 16:37:01,     0.9608,     4.9632,    980.249
06/26/2018 16:38:01,     0.9202,     4.7592,   1004.100
06/26/2018 16:39:01,     0.8937,     4.7255,   1003.968
06/26/2018 16:40:01,     0.8741,     4.6402,    980.334
06/26/2018 16:41:01,     0.8381,     4.5604,   1004.088
06/26/2018 16:42:01,     0.8230,     4.4940,   1003.425
06/26/2018 16:43:01,     0.8321,     4.5022,    980.119
06/26/2018 16:44:01,     0.8459,     4.6189,    979.942
06/26/2018 16:45:01,     0.8594,     4.7481,   1003.974
06/26/2018 16:46:01,     0.8770,     4.8520,   1004.060
06/26/2018 16:47:01,     0.8767,     4.8250,    980.447
06/26/2018 16:48:01,     0.8838,     4.8805,   1003.882
06/26/2018 16:49:01,     0.8760,     4.8996,   1001.486
06/26/2018 16:50:01,     0.8877,     4.9536,    980.274
06/26/2018 16:51:01,     0.8826,     4.9751,    981.496
06/26/2018 16:52:01,     0.8581,     4.8687,    979.879
06/26/2018 16:53:01,     0.8233,     4.6953,    980.012
06/26/2018 16:54:01,     0.8234,     4.7044,    982.708
06/26/2018 16:55:01,     0.8378,     4.7530,   1004.040
06/26/2018 16:56:01,     0.8393,     4.8651,    979.987
06/26/2018 16:57:01,     0.8516,     4.9134,   1004.018
06/26/2018 16:58:01,     0.8753,     5.0258,   1004.021
06/26/2018 16:59:01,     0.9132,     5.2202,    980.141
06/26/2018 17:00:01,     0.9346,     5.3093,    980.173
06/26/2018 17:01:01,     0.9266,     5.3608,   1003.999
06/26/2018 17:02:01,     0.9145,     5.3113,   1003.940
06/26/2018 17:03:01,     0.8912,     5.2552,    980.277
06/26/2018 17:04:01,     0.8881,     5.2543,   1003.888
06/26/2018 17:05:01,     0.8897,     5.2134,   1002.812
06/26/2018 17:06:01,     0.8611,     5.1974,    980.072
06/26/2018 17:07:01,     0.8291,     5.0985,    980.564
06/26/2018 17:08:01,     0.8031,     4.9905,    980.094
06/26/2018 17:09:01,     0.8166,     5.0632,    980.160
06/26/2018 17:10:01,     0.8069,     5.0937,    980.274
06/26/2018 17:11:01,     0.8074,     5.1232,   1004.024
06/26/2018 17:12:01,     0.8063,     5.1456,    980.331
06/26/2018 17:13:01,     0.7721,     5.0070,   1003.872
06/26/2018 17:14:01,     0.7675,     4.9487,   1004.005
06/26/2018 17:15:01,     0.8151,     5.0646,    980.147
06/26/2018 17:16:01,     0.8601,     5.2464,    980.097
06/26/2018 17:17:01,     0.8508,     5.2809,    993.097
06/26/2018 17:18:01,     0.8149,     5.1980,   1004.018
06/26/2018 17:19:01,     0.7985,     5.0741,    980.189
06/26/2018 17:20:01,     0.7753,     4.9855,   1003.983
06/26/2018 17:21:01,     0.7765,     4.9988,   1003.686
06/26/2018 17:22:01,     0.7816,     5.0007,    980.208
06/26/2018 17:23:01,     0.7679,     4.9915,    980.205
06/26/2018 17:24:01,     0.6928,     4.7621,   1003.958
06/26/2018 17:25:01,     0.6460,     4.4992,    980.075
06/26/2018 17:26:01,     0.6519,     4.4345,    980.400
06/26/2018 17:27:01,     0.6615,     4.4705,   1003.905
06/26/2018 17:28:01,     0.6924,     4.5345,   1003.135
06/26/2018 17:29:01,     0.7135,     4.6299,   1004.047
06/26/2018 17:30:01,     0.7216,     4.7200,   1003.885
06/26/2018 17:31:01,     0.7411,     4.8432,    980.046
06/26/2018 17:32:01,     0.7524,     5.0017,    980.084
06/26/2018 17:33:01,     0.7788,     5.1059,    980.865
06/26/2018 17:34:01,     0.7844,     5.1804,   1004.002
06/26/2018 17:35:01,     0.7798,     5.2283,    980.047
06/26/2018 17:36:01,     0.7574,     5.2055,    985.619
06/26/2018 17:37:01,     0.7319,     5.1493,   1004.040
06/26/2018 17:38:01,     0.7105,     5.0546,    980.154
06/26/2018 17:39:01,     0.6901,     4.8987,    980.132
06/26/2018 17:40:01,     0.6946,     4.9144,   1003.901
06/26/2018 17:41:01,     0.6911,     4.9265,    980.173
06/26/2018 17:42:01,     0.6750,     4.9273,    980.151
06/26/2018 17:43:01,     0.6612,     4.8888,   1003.869
06/26/2018 17:44:01,     0.6526,     4.8643,   1003.977
06/26/2018 17:45:01,     0.6715,     4.9650,   1003.955
06/26/2018 17:46:01,     0.6894,     5.0688,   1004.112
06/26/2018 17:47:01,     0.7080,     5.1843,   1003.929
06/26/2018 17:48:01,     0.7117,     5.3448,    979.961
06/26/2018 17:49:01,     0.6958,     5.3504,    980.391
06/26/2018 17:50:01,     0.6806,     5.4024,   1003.997
06/26/2018 17:51:01,     0.6932,     5.4929,    980.169
06/26/2018 17:52:01,     0.7087,     5.6106,    980.214
06/26/2018 17:53:01,     0.7147,     5.7163,   1003.924
06/26/2018 17:54:01,     0.7114,     5.7827,    980.211
06/26/2018 17:55:01,     0.7422,     6.0051,    980.056
06/26/2018 17:56:01,     0.8147,     6.5058,   1004.003
06/26/2018 17:57:01,     0.8223,     6.6240,    999.066
06/26/2018 17:58:01,     0.8328,     6.6195,    979.992
06/26/2018 17:59:01,     0.8316,     6.6029,    981.543
06/26/2018 18:00:01,     0.8280,     6.6111,   1004.041
06/26/2018 18:01:01,     0.8130,     6.5340,   1003.740
06/26/2018 18:02:01,     0.8030,     6.4634,   1003.961
06/26/2018 18:03:01,     0.7963,     6.4009,   1003.907
06/26/2018 18:04:01,     0.7164,     6.0339,    979.993
06/26/2018 18:05:01,     0.6798,     5.8016,    980.091
06/26/2018 18:06:01,     0.6652,     5.7504,   1003.883
06/26/2018 18:07:01,     0.6617,     5.8044,    980.084
06/26/2018 18:08:01,     0.6590,     5.8097,    980.056
06/26/2018 18:09:01,     0.6614,     5.8601,   1003.800
06/26/2018 18:10:01,     0.6507,     5.9674,   1003.478
06/26/2018 18:11:01,     0.6464,     5.9975,    980.034
06/26/2018 18:12:01,     0.6317,     5.9884,   1003.867
06/26/2018 18:13:01,     0.6148,     5.8885,   1001.659
06/26/2018 18:14:01,     0.5919,     5.7651,    979.993
06/26/2018 18:15:01,     0.5761,     5.6878,    980.324
06/26/2018 18:16:01,     0.5684,     5.6295,   1003.908
06/26/2018 18:17:01,     0.5578,     5.5743,   1003.997
06/26/2018 18:18:01,     0.5476,     5.4694,    980.151
06/26/2018 18:19:01,     0.5501,     5.4821,   1003.885
06/26/2018 18:20:01,     0.5473,     5.5032,    980.062
06/26/2018 18:21:01,     0.5472,     5.5492,    980.132
06/26/2018 18:22:01,     0.5458,     5.5555,   1003.956
06/26/2018 18:23:01,     0.5454,     5.5922,    980.050
06/26/2018 18:24:01,     0.5465,     5.6746,    979.980
06/26/2018 18:25:01,     0.5293,     5.6826,    984.441
06/26/2018 18:26:01,     0.5253,     5.6911,   1003.873
06/26/2018 18:27:01,     0.5080,     5.7044,    980.097
06/26/2018 18:28:01,     0.4893,     5.6029,   1003.851
06/26/2018 18:29:01,     0.4817,     5.5911,   1003.930
06/26/2018 18:30:01,     0.4664,     5.5843,    979.980
06/26/2018 18:31:01,     0.4465,     5.5611,    980.024
06/26/2018 18:32:01,     0.4321,     5.4761,   1003.893
06/26/2018 18:33:01,     0.4154,     5.3213,   1003.951
06/26/2018 18:34:01,     0.3995,     5.3061,    980.031
06/26/2018 18:35:01,     0.3928,     5.3090,   1003.920
06/26/2018 18:36:01,     0.3859,     5.3128,    979.990
06/26/2018 18:37:01,     0.3866,     5.3641,    979.990
06/26/2018 18:38:01,     0.3754,     5.3832,    980.122
06/26/2018 18:39:01,     0.3823,     5.4845,    979.955
06/26/2018 18:40:01,     0.3894,     5.6200,    979.955
06/26/2018 18:41:01,     0.3964,     5.8105,    980.640
06/26/2018 18:42:01,     0.4099,     5.9681,   1003.816
06/26/2018 18:43:01,     0.4148,     6.1548,    979.914
06/26/2018 18:44:01,     0.4263,     6.4136,   1003.851
06/26/2018 18:45:01,     0.4330,     6.5921,   1003.759
06/26/2018 18:46:01,     0.4377,     6.7845,    979.959
06/26/2018 18:47:01,     0.4439,     6.9452,    979.930
06/26/2018 18:48:01,     0.4473,     7.0747,   1003.823
06/26/2018 18:49:01,     0.4425,     7.1860,   1003.898
06/26/2018 18:50:01,     0.4351,     7.2551,    979.961
06/26/2018 18:51:01,     0.4295,     7.2792,   1003.856
06/26/2018 18:52:01,     0.4245,     7.2994,   1003.674
06/26/2018 18:53:01,     0.4240,     7.3300,    979.971
06/26/2018 18:54:01,     0.4214,     7.4025,    979.974
06/26/2018 18:55:01,     0.4197,     7.4580,   1003.765
06/26/2018 18:56:01,     0.4376,     7.7334,    979.990
06/26/2018 18:57:01,     0.4460,     7.9079,    979.898
06/26/2018 18:58:01,     0.4408,     7.9828,   1003.911
06/26/2018 18:59:01,     0.4350,     7.9890,   1003.147
06/26/2018 19:00:01,     0.4269,     8.0225,   1003.857
06/26/2018 19:01:01,     0.4216,     8.0489,   1003.828
06/26/2018 19:02:01,     0.4099,     8.0423,    979.895
06/26/2018 19:03:01,     0.4019,     8.0749,    979.870
06/26/2018 19:04:01,     0.3823,     8.0500,    980.707
06/26/2018 19:05:01,     0.3486,     7.8483,   1003.808
06/26/2018 19:06:01,     0.3434,     7.8202,    979.870
06/26/2018 19:07:01,     0.3511,     7.8528,    985.430
06/26/2018 19:08:01,     0.3460,     7.9425,   1003.743
06/26/2018 19:09:01,     0.3456,     8.0240,    979.728
06/26/2018 19:10:01,     0.3428,     8.0545,    979.842
06/26/2018 19:11:01,     0.3353,     8.1036,   1003.791
06/26/2018 19:12:01,     0.3285,     8.1184,    979.825
06/26/2018 19:13:01,     0.3204,     8.1636,    979.832
06/26/2018 19:14:01,     0.3161,     8.1715,   1003.706
06/26/2018 19:15:01,     0.3020,     8.2226,    979.785
06/26/2018 19:16:01,     0.2840,     8.2650,   1003.838
06/26/2018 19:17:01,     0.2721,     8.2927,   1003.778
06/26/2018 19:18:01,     0.2624,     8.2915,    979.813
06/26/2018 19:19:01,     0.2468,     8.2964,    979.844
06/26/2018 19:20:01,     0.2420,     8.2494,    981.452
06/26/2018 19:21:01,     0.2361,     8.1554,   1003.848
06/26/2018 19:22:01,     0.2271,     8.0721,    979.788
06/26/2018 19:23:01,     0.2228,     7.9751,    979.990
06/26/2018 19:24:01,     0.2133,     7.9388,   1003.711
06/26/2018 19:25:01,     0.2017,     7.8991,    979.908
06/26/2018 19:26:01,     0.1959,     7.8613,    979.898
06/26/2018 19:27:01,     0.1903,     7.8930,   1003.784
06/26/2018 19:28:01,     0.1838,     7.9059,    979.918
06/26/2018 19:29:01,     0.1817,     7.9667,    979.873
06/26/2018 19:30:01,     0.1780,     8.0945,    986.920
06/26/2018 19:31:01,     0.1751,     8.2153,   1003.829
06/26/2018 19:32:01,     0.1827,     8.4796,   1003.753
06/26/2018 19:33:01,     0.1898,     8.6745,   1003.734
06/26/2018 19:34:01,     0.1962,     8.8530,   1003.601
06/26/2018 19:35:01,     0.1999,     9.0117,    979.908
06/26/2018 19:36:01,     0.1957,     9.0850,    980.173
06/26/2018 19:37:01,     0.1936,     9.1396,   1003.813
06/26/2018 19:38:01,     0.1846,     9.1687,    980.069
06/26/2018 19:39:01,     0.1813,     9.1981,    980.103
06/26/2018 19:40:01,     0.1728,     9.1576,   1003.762
06/26/2018 19:41:01,     0.1546,     9.0775,    979.873
06/26/2018 19:42:01,     0.1473,     8.9768,    980.015
06/26/2018 19:43:01,     0.1321,     8.8836,   1003.724
06/26/2018 19:44:01,     0.1249,     8.8205,    979.825
06/26/2018 19:45:01,     0.1143,     8.7698,    979.917
06/26/2018 19:46:01,     0.1053,     8.7355,    983.056
06/26/2018 19:47:01,     0.1068,     8.6636,   1003.752
06/26/2018 19:48:01,     0.1022,     8.5851,   1003.851
06/26/2018 19:49:01,     0.0992,     8.5144,    981.366
06/26/2018 19:50:01,     0.0927,     8.4952,   1003.809
06/26/2018 19:51:01,     0.0929,     8.4965,    979.926
06/26/2018 19:52:01,     0.0888,     8.4954,    979.920
06/26/2018 19:53:01,     0.0944,     8.4790,   1003.861
06/26/2018 19:54:01,     0.0938,     8.5045,    979.936
06/26/2018 19:55:01,     0.0890,     8.5259,    979.949
06/26/2018 19:56:01,     0.0835,     8.5364,   1003.854
06/26/2018 19:57:01,     0.0835,     8.5681,   1000.516
06/26/2018 19:58:01,     0.0831,     8.5842,    979.933
06/26/2018 19:59:01,     0.0793,     8.5495,   1003.759
06/26/2018 20:00:01,     0.0758,     8.4874,   1003.067
06/26/2018 20:01:01,     0.0750,     8.4613,    979.983
06/26/2018 20:02:01,     0.0666,     8.3920,    980.106
06/26/2018 20:03:01,     0.0645,     8.2973,   1003.873
06/26/2018 20:04:01,     0.0619,     8.1401,   1003.920
06/26/2018 20:05:01,     0.0514,     8.0278,    980.277
06/26/2018 20:06:01,     0.0466,     7.9019,   1003.942
06/26/2018 20:07:01,     0.0441,     7.7580,    980.110
06/26/2018 20:08:01,     0.0410,     7.6361,    980.100
06/26/2018 20:09:01,     0.0351,     7.5108,    981.054
06/26/2018 20:10:01,     0.0320,     7.3811,    980.217
06/26/2018 20:11:01,     0.0289,     7.3066,    980.157
06/26/2018 20:12:01,     0.0250,     7.3023,   1004.100
06/26/2018 20:13:01,     0.0226,     7.3065,   1003.893
06/26/2018 20:14:01,     0.0252,     7.3041,    980.227
06/26/2018 20:15:01,     0.0224,     7.3176,   1004.113
06/26/2018 20:16:01,     0.0197,     7.3539,   1003.885
06/26/2018 20:17:01,     0.0247,     7.3772,    980.210
06/26/2018 20:18:01,     0.0213,     7.4453,    980.255
06/26/2018 20:19:01,     0.0201,     7.4856,   1004.155
06/26/2018 20:20:01,     0.0246,     7.5493,   1004.144
06/26/2018 20:21:01,     0.0195,     7.5987,    980.330
06/26/2018 20:22:01,     0.0226,     7.5940,   1004.217
06/26/2018 20:23:01,     0.0257,     7.6538,   1003.478
06/26/2018 20:24:01,     0.0285,     7.7401,    980.441
06/26/2018 20:25:01,     0.0245,     7.7965,    980.839
06/26/2018 20:26:01,     0.0289,     7.9249,    980.489
06/26/2018 20:27:01,     0.0344,     8.0752,    980.295
06/26/2018 20:28:01,     0.0415,     8.2653,    980.726
06/26/2018 20:29:01,     0.0395,     8.4451,   1004.318
06/26/2018 20:30:01,     0.0425,     8.6945,    980.514
06/26/2018 20:31:01,     0.0338,     8.9942,   1004.264
06/26/2018 20:32:01,     0.0350,     9.2048,   1004.406
06/26/2018 20:33:02,     0.0423,     9.5385,    980.419
06/26/2018 20:34:01,     0.0411,     9.9033,    980.548
06/26/2018 20:35:01,     0.0360,    10.1758,   1004.286
06/26/2018 20:36:01,     0.0305,    10.4665,   1004.401
06/26/2018 20:37:01,     0.0263,    10.6892,    980.444
06/26/2018 20:38:01,     0.0276,    10.7628,   1004.415
06/26/2018 20:39:01,     0.0242,    10.8987,   1004.040
06/26/2018 20:40:01,     0.0286,    10.9458,    980.365
06/26/2018 20:41:01,     0.0283,    10.7967,    980.498
06/26/2018 20:42:01,     0.0256,    10.5199,   1003.251
06/26/2018 20:43:01,     0.0252,    10.2653,    980.466
06/26/2018 20:44:01,     0.0228,     9.9772,    980.368
06/26/2018 20:45:01,     0.0214,     9.7403,   1004.293
06/26/2018 20:46:01,     0.0187,     9.4176,    980.252
06/26/2018 20:47:01,     0.0191,     9.0649,   1004.208
06/26/2018 20:48:01,     0.0170,     8.8293,   1004.232
06/26/2018 20:49:01,     0.0142,     8.6914,    980.340
06/26/2018 20:50:01,     0.0113,     8.6231,    980.403
06/26/2018 20:51:01,     0.0066,     8.5650,    980.804
06/26/2018 20:52:01,     0.0049,     8.5514,   1004.372
06/26/2018 20:53:01,     0.0057,     8.5005,    980.233
06/26/2018 20:54:01,     0.0032,     8.3693,    981.044
06/26/2018 20:55:01,     0.0013,     8.2029,   1004.273
06/26/2018 20:56:01,    -0.0048,     8.0200,    980.426
06/26/2018 20:57:01,    -0.0053,     7.7905,    980.542
06/26/2018 20:58:01,    -0.0064,     7.5190,   1004.334
06/26/2018 20:59:01,    -0.0161,     7.2393,    980.365
06/26/2018 21:00:01,    -0.0117,     6.8570,    980.375
06/26/2018 21:01:01,    -0.0122,     6.6183,   1004.439
06/26/2018 21:02:01,    -0.0125,     6.3365,   1004.230
06/26/2018 21:03:01,    -0.0124,     6.1323,   1004.495
06/26/2018 21:04:01,    -0.0068,     6.0333,   1004.346
06/26/2018 21:05:01,    -0.0051,     5.9358,   1004.413
06/26/2018 21:06:01,    -0.0072,     5.8139,    980.526
06/26/2018 21:07:01,     0.0031,     5.7066,    980.669
06/26/2018 21:08:01,     0.0024,     5.6632,   1004.474
06/26/2018 21:09:01,    -0.0037,     5.6351,    980.517
06/26/2018 21:10:01,    -0.0027,     5.5475,    980.662
06/26/2018 21:11:01,    -0.0005,     5.5049,   1004.346
06/26/2018 21:12:01,    -0.0048,     5.5055,    980.483
06/26/2018 21:13:01,    -0.0098,     5.5308,    980.552
06/26/2018 21:14:01,    -0.0022,     5.5612,   1004.312
06/26/2018 21:15:01,    -0.0029,     5.6410,    980.466
06/26/2018 21:16:01,    -0.0068,     5.7120,    980.397
06/26/2018 21:17:01,     0.0016,     5.7657,    982.500
06/26/2018 21:18:01,     0.0033,     5.8416,   1004.183
06/26/2018 21:19:01,    -0.0008,     6.0034,   1004.255
06/26/2018 21:20:01,     0.0016,     6.0748,    981.464
06/26/2018 21:21:01,     0.0057,     6.1682,   1004.415
06/26/2018 21:22:01,     0.0080,     6.3011,    980.372
06/26/2018 21:23:01,     0.0115,     6.4816,    980.552
06/26/2018 21:24:01,     0.0116,     6.7476,   1004.189
06/26/2018 21:25:01,     0.0196,     6.9060,    980.343
06/26/2018 21:26:01,     0.0229,     7.1148,    980.485
06/26/2018 21:27:01,     0.0266,     7.2560,   1004.188
06/26/2018 21:28:01,     0.0276,     7.5015,    987.871
06/26/2018 21:29:01,     0.0292,     7.7635,    980.365
06/26/2018 21:30:01,     0.0373,     7.9270,   1004.214
06/26/2018 21:31:01,     0.0405,     8.0614,   1003.822
06/26/2018 21:32:01,     0.0521,     8.0957,    980.211
06/26/2018 21:33:01,     0.0523,     8.1380,    980.798
06/26/2018 21:34:01,     0.0513,     8.1840,   1004.480
06/26/2018 21:35:01,     0.0524,     8.2027,   1004.431
06/26/2018 21:36:01,     0.0585,     8.1756,    981.029
06/26/2018 21:37:01,     0.0591,     8.1568,   1004.384
06/26/2018 21:38:01,     0.0605,     8.1738,    980.621
06/26/2018 21:39:01,     0.0637,     8.1798,    980.577
06/26/2018 21:40:01,     0.0596,     8.3243,    982.620
06/26/2018 21:41:01,     0.0600,     8.5039,    980.448
06/26/2018 21:42:01,     0.0579,     8.7007,    980.441
06/26/2018 21:43:01,     0.0622,     8.8216,   1004.284
06/26/2018 21:44:01,     0.0575,     8.9559,   1004.340
06/26/2018 21:45:01,     0.0594,     9.1109,    980.429
06/26/2018 21:46:01,     0.0564,     9.2562,   1004.246
06/26/2018 21:47:01,     0.0598,     9.2881,   1004.223
06/26/2018 21:48:01,     0.0619,     9.3253,    980.340
06/26/2018 21:49:01,     0.0644,     9.2930,    980.400
06/26/2018 21:50:01,     0.0639,     9.2286,   1004.268
06/26/2018 21:51:01,     0.0682,     9.2011,   1004.255
06/26/2018 21:52:01,     0.0711,     9.1559,    980.277
06/26/2018 21:53:01,     0.0739,     9.1685,   1004.269
06/26/2018 21:54:01,     0.0737,     9.1780,    999.168
06/26/2018 21:55:01,     0.0770,     9.1486,    980.148
06/26/2018 21:56:01,     0.0773,     9.1870,    980.704
06/26/2018 21:57:01,     0.0774,     9.2177,    980.252
06/26/2018 21:58:01,     0.0801,     9.2258,    980.223
06/26/2018 21:59:01,     0.0787,     9.2924,    980.425
06/26/2018 22:00:01,     0.0786,     9.3269,   1004.211
06/26/2018 22:01:01,     0.0837,     9.3502,    980.287
06/26/2018 22:02:01,     0.0894,     9.3853,   1003.995
06/26/2018 22:03:01,     0.0879,     9.4558,   1004.069
06/26/2018 22:04:01,     0.0977,     9.4964,    980.135
06/26/2018 22:05:01,     0.0909,     9.5559,    980.327
06/26/2018 22:06:01,     0.0911,     9.6376,   1004.113
06/26/2018 22:07:01,     0.0857,     9.7285,   1004.122
06/26/2018 22:08:01,     0.0890,     9.8519,    980.182
06/26/2018 22:09:01,     0.0902,    10.0150,   1004.119
06/26/2018 22:10:01,     0.0839,    10.2413,   1003.809
06/26/2018 22:11:01,     0.0857,    10.4429,    980.179
06/26/2018 22:12:01,     0.0871,    10.6682,    980.309
06/26/2018 22:13:01,     0.0890,    10.9374,   1003.272
06/26/2018 22:14:01,     0.0936,    11.1450,    980.157
06/26/2018 22:15:01,     0.1007,    11.3097,    980.280
06/26/2018 22:16:01,     0.1026,    11.4379,   1004.059
06/26/2018 22:17:01,     0.1049,    11.5578,    987.643
06/26/2018 22:18:01,     0.1090,    11.6998,   1004.081
06/26/2018 22:19:01,     0.1093,    11.7676,   1004.081
06/26/2018 22:20:01,     0.1054,    11.8062,   1000.832
06/26/2018 22:21:01,     0.1063,    11.8302,    980.293
06/26/2018 22:22:01,     0.1037,    11.8367,    981.379
06/26/2018 22:23:01,     0.1019,    11.8283,   1004.126
06/26/2018 22:24:01,     0.0978,    11.8418,    980.119
06/26/2018 22:25:01,     0.0975,    11.8136,    982.004
06/26/2018 22:26:01,     0.0982,    11.7736,   1004.068
06/26/2018 22:27:01,     0.0996,    11.7039,    980.252
06/26/2018 22:28:01,     0.1020,    11.6387,    980.223
06/26/2018 22:29:01,     0.1066,    11.5864,   1003.901
06/26/2018 22:30:01,     0.1049,    11.5724,    980.088
06/26/2018 22:31:01,     0.1041,    11.5661,    980.037
06/26/2018 22:32:01,     0.1064,    11.5325,   1003.905
06/26/2018 22:33:01,     0.1139,    11.4827,   1003.936
06/26/2018 22:34:01,     0.1119,    11.4010,   1004.018
06/26/2018 22:35:01,     0.1086,    11.3420,   1003.929
06/26/2018 22:36:01,     0.1119,    11.2527,   1002.534
06/26/2018 22:37:01,     0.1135,    11.1564,    980.094
06/26/2018 22:38:01,     0.1082,    11.0479,    980.700
06/26/2018 22:39:01,     0.1041,    10.8539,   1004.072
06/26/2018 22:40:01,     0.1027,    10.7495,    980.021
06/26/2018 22:41:01,     0.1097,    10.6235,    980.132
06/26/2018 22:42:01,     0.1100,    10.5043,   1003.955
06/26/2018 22:43:01,     0.1124,    10.3828,    980.091
06/26/2018 22:44:01,     0.1075,    10.3371,    980.100
06/26/2018 22:45:01,     0.1007,    10.2914,   1003.942
06/26/2018 22:46:01,     0.0985,    10.1745,    980.037
06/26/2018 22:47:01,     0.0992,    10.0969,    980.129
06/26/2018 22:48:01,     0.1060,    10.0141,    980.526
06/26/2018 22:49:01,     0.1021,     9.9849,   1003.904
06/26/2018 22:50:01,     0.0953,     9.9204,   1004.012
06/26/2018 22:51:01,     0.0944,     9.9195,    980.599
06/26/2018 22:52:01,     0.0950,     9.8632,   1003.844
06/26/2018 22:53:01,     0.0956,     9.7623,    980.012
06/26/2018 22:54:01,     0.0950,     9.7161,    979.990
06/26/2018 22:55:01,     0.0958,     9.6457,   1003.858
06/26/2018 22:56:01,     0.0946,     9.6128,    979.942
06/26/2018 22:57:01,     0.0938,     9.5244,    980.072
06/26/2018 22:58:01,     0.0950,     9.4612,   1004.055
06/26/2018 22:59:01,     0.0900,     9.4252,   1002.674
06/26/2018 23:00:01,     0.0917,     9.3644,    979.911
06/26/2018 23:01:01,     0.0959,     9.3444,   1003.959
06/26/2018 23:02:01,     0.0896,     9.3692,   1003.556
06/26/2018 23:03:01,     0.0973,     9.3446,    979.980
06/26/2018 23:04:01,     0.0993,     9.3909,    980.211
06/26/2018 23:05:01,     0.1002,     9.4198,   1004.079
06/26/2018 23:06:01,     0.0972,     9.4745,   1004.002
06/26/2018 23:07:01,     0.1022,     9.4849,    981.448
06/26/2018 23:08:01,     0.0993,     9.4956,   1003.914
06/26/2018 23:09:01,     0.0954,     9.5343,    980.113
06/26/2018 23:10:01,     0.0944,     9.4832,    980.103
06/26/2018 23:11:01,     0.0935,     9.4688,    981.549
06/26/2018 23:12:01,     0.0950,     9.3820,    979.999
06/26/2018 23:13:01,     0.0926,     9.2505,    980.116
06/26/2018 23:14:01,     0.0935,     9.0723,    980.703
06/26/2018 23:15:01,     0.0950,     8.9536,   1003.966
06/26/2018 23:16:01,     0.0976,     8.7803,    980.224
06/26/2018 23:17:01,     0.1004,     8.5987,   1003.879
06/26/2018 23:18:01,     0.1027,     8.4365,   1003.888
06/26/2018 23:19:01,     0.1049,     8.2753,    980.150
06/26/2018 23:20:01,     0.1116,     8.0955,    980.132
06/26/2018 23:21:01,     0.1146,     7.9757,   1003.924
06/26/2018 23:22:01,     0.1120,     7.8713,   1003.951
06/26/2018 23:23:01,     0.1107,     7.7825,    980.211
06/26/2018 23:24:01,     0.1112,     7.7366,   1004.056
06/26/2018 23:25:01,     0.1073,     7.6998,   1003.775
06/26/2018 23:26:01,     0.1085,     7.6345,    980.179
06/26/2018 23:27:01,     0.1059,     7.5634,    980.426
06/26/2018 23:28:01,     0.0962,     7.5296,   1000.059
06/26/2018 23:29:01,     0.0888,     7.5051,    980.195
06/26/2018 23:30:01,     0.0858,     7.4434,    981.442
06/26/2018 23:31:01,     0.0858,     7.3919,   1004.107
06/26/2018 23:32:01,     0.0823,     7.3581,    980.227
06/26/2018 23:33:01,     0.0807,     7.3065,   1003.999
06/26/2018 23:34:01,     0.0790,     7.2822,   1004.012
06/26/2018 23:35:01,     0.0748,     7.3106,    980.091
06/26/2018 23:36:01,     0.0800,     7.2990,    980.148
06/26/2018 23:37:01,     0.0821,     7.3059,    983.233
06/26/2018 23:38:01,     0.0794,     7.3438,   1004.086
06/26/2018 23:39:01,     0.0848,     7.3641,    980.047
06/26/2018 23:40:01,     0.0887,     7.4148,   1003.989
06/26/2018 23:41:01,     0.0852,     7.4504,   1004.081
06/26/2018 23:42:01,     0.0839,     7.4885,    980.173
06/26/2018 23:43:01,     0.0796,     7.5227,    980.185
06/26/2018 23:44:01,     0.0836,     7.5190,   1002.822
06/26/2018 23:45:01,     0.0833,     7.5666,    980.148
06/26/2018 23:46:01,     0.0859,     7.5801,    980.201
06/26/2018 23:47:01,     0.0834,     7.6174,   1004.053
06/26/2018 23:48:01,     0.0834,     7.6027,    987.621
06/26/2018 23:49:01,     0.0826,     7.5545,   1004.022
06/26/2018 23:50:01,     0.0821,     7.5545,   1003.971
06/26/2018 23:51:01,     0.0848,     7.5025,   1003.613
06/26/2018 23:52:01,     0.0864,     7.5174,    980.160
06/26/2018 23:53:01,     0.0819,     7.5055,    980.520
06/26/2018 23:54:01,     0.0811,     7.5039,   1004.089
06/26/2018 23:55:01,     0.0749,     7.5316,    980.129
06/26/2018 23:56:01,     0.0774,     7.5534,    980.309
06/26/2018 23:57:01,     0.0793,     7.5917,   1004.138
06/26/2018 23:58:01,     0.0795,     7.6274,    980.122
06/26/2018 23:59:01,     0.0862,     7.6230,    980.021
