Sep = ,
"Delimiter = ,"
AethLabs
Device ID = AE51-S0-114-0903
Application version = 2.2.4.0
Flow = 149 ml/min
Timebase = 60 s
Start date = 2018/06/19
Start time = 07:40:00
Original date format = yyyy/MM/dd
Original time format = hh:mm:ss
Flow units = ml/min
PCB temp units = deg C
Battery units = %
BC units = ng/m^3

Date,Time,Ref,Sen,ATN,Flow,PCB temp,Status,Battery,BC

2018/06/19,07:40:00,833488,925540,"-10,476",149,31,0,63,
2018/06/19,07:41:00,833269,925555,"-10,504",149,30,0,63,-1064
2018/06/19,07:42:00,833121,925493,"-10,515",149,29,0,63,-422
2018/06/19,07:43:00,833003,925385,"-10,517",149,29,0,63,-95
2018/06/19,07:44:00,832960,925334,"-10,517",149,29,0,62,13
2018/06/19,07:45:00,832839,925168,"-10,513",149,29,0,62,130
2018/06/19,07:46:00,832769,925042,"-10,508",149,28,0,62,199
2018/06/19,07:47:00,832785,925013,"-10,503",149,28,0,62,193
2018/06/19,07:48:00,832810,924976,"-10,496",149,28,0,62,267
2018/06/19,07:49:00,832785,924886,"-10,489",149,28,0,61,256
2018/06/19,07:50:00,832796,924834,"-10,483",149,28,0,61,265
2018/06/19,07:51:00,832800,924778,"-10,476",149,28,0,61,249
2018/06/19,07:52:00,832824,924737,"-10,469",149,28,0,58,279
2018/06/19,07:53:00,832753,924603,"-10,463",149,28,0,58,227
2018/06/19,07:54:00,832855,924726,"-10,464",149,28,0,58,-40
2018/06/19,07:55:00,832942,924624,"-10,442",149,28,0,58,819
2018/06/19,07:56:00,832984,924567,"-10,431",149,28,0,58,427
2018/06/19,07:57:00,832963,924459,"-10,422",149,28,0,57,349
2018/06/19,07:58:00,833040,924469,"-10,414",149,28,0,57,311
2018/06/19,07:59:00,832978,924333,"-10,407",149,28,0,57,277
2018/06/19,08:00:00,832981,924276,"-10,400",149,28,0,57,249
2018/06/19,08:01:00,832908,924146,"-10,395",149,28,0,57,202
2018/06/19,08:02:00,832857,924030,"-10,388",149,28,0,56,245
2018/06/19,08:03:00,832864,923977,"-10,382",149,28,0,56,251
2018/06/19,08:04:00,832856,923919,"-10,376",149,28,0,56,203
2018/06/19,08:05:00,832800,923804,"-10,371",149,28,0,56,218
2018/06/19,08:06:00,832784,923734,"-10,365",149,28,0,58,216
2018/06/19,08:07:00,832806,923707,"-10,359",149,28,0,58,212
2018/06/19,08:08:00,832766,923609,"-10,354",149,28,0,58,221
2018/06/19,08:09:00,832745,923538,"-10,348",149,28,0,58,197
2018/06/19,08:10:00,832740,923479,"-10,343",149,28,0,57,221
2018/06/19,08:11:00,832751,923434,"-10,336",149,28,0,57,236
2018/06/19,08:12:00,832686,923304,"-10,330",149,28,0,57,239
2018/06/19,08:13:00,832694,923254,"-10,324",149,28,0,57,243
2018/06/19,08:14:00,832602,923099,"-10,318",149,28,0,57,219
2018/06/19,08:15:00,832627,923063,"-10,311",149,28,0,56,263
2018/06/19,08:16:00,832611,922990,"-10,305",149,28,0,56,228
2018/06/19,08:17:00,832612,922929,"-10,298",149,28,0,56,257
2018/06/19,08:18:00,832594,922845,"-10,292",149,28,0,56,265
2018/06/19,08:19:00,832519,922707,"-10,286",149,28,0,58,227
2018/06/19,08:20:00,832498,922634,"-10,280",149,28,0,58,205
2018/06/19,08:21:00,832436,922511,"-10,274",149,28,0,58,224
2018/06/19,08:22:00,832448,922469,"-10,268",149,28,0,58,229
2018/06/19,08:23:00,832382,922346,"-10,263",149,28,0,57,206
2018/06/19,08:24:00,832327,922249,"-10,259",149,28,0,57,149
2018/06/19,08:25:00,832251,922204,"-10,263",149,28,0,57,-162
2018/06/19,08:26:00,832189,922095,"-10,259",149,29,0,57,167
2018/06/19,08:27:00,832098,921903,"-10,249",149,29,0,57,377
2018/06/19,08:28:00,832168,921938,"-10,244",149,29,0,57,176
2018/06/19,08:29:00,832160,921894,"-10,241",149,29,0,56,145
2018/06/19,08:30:00,832218,921867,"-10,231",149,29,0,56,377
2018/06/19,08:31:00,832157,921667,"-10,216",149,29,0,56,548
2018/06/19,08:32:00,832095,921430,"-10,198",149,29,0,58,696
2018/06/19,08:33:00,832147,921439,"-10,193",149,28,0,58,201
2018/06/19,08:34:00,832094,921274,"-10,181",149,28,0,58,440
2018/06/19,08:35:00,832053,921156,"-10,173",149,28,0,58,300
2018/06/19,08:36:00,832035,921081,"-10,167",149,28,0,58,228
2018/06/19,08:37:00,831900,920839,"-10,157",149,28,0,57,383
2018/06/19,08:38:00,831894,920824,"-10,156",149,28,0,57,35
2018/06/19,08:39:00,831823,920762,"-10,158",149,28,0,57,-69
2018/06/19,08:40:00,831788,920718,"-10,158",149,28,0,57,22
2018/06/19,08:41:00,831716,920620,"-10,156",149,28,0,57,76
2018/06/19,08:42:00,831586,920441,"-10,152",149,28,0,56,145
2018/06/19,08:43:00,831525,920325,"-10,147",149,28,0,56,201
2018/06/19,08:44:00,831462,920268,"-10,148",149,28,0,56,-53
2018/06/19,08:45:00,831512,920248,"-10,140",149,28,0,53,312
2018/06/19,08:46:00,831549,920227,"-10,133",149,28,0,53,257
2018/06/19,08:47:00,831544,920143,"-10,124",149,28,0,53,325
2018/06/19,08:48:00,831594,920118,"-10,116",149,28,0,53,333
2018/06/19,08:49:00,831574,920016,"-10,107",149,28,0,52,331
2018/06/19,08:50:00,831569,919922,"-10,097",149,28,0,52,367
2018/06/19,08:51:00,831565,919836,"-10,089",149,28,0,52,338
2018/06/19,08:52:00,831590,919781,"-10,080",149,28,0,52,343
2018/06/19,08:53:00,831630,919740,"-10,070",149,28,0,52,353
2018/06/19,08:54:00,831610,919639,"-10,062",149,28,0,51,327
2018/06/19,08:55:00,831588,919534,"-10,053",149,28,0,51,334
2018/06/19,08:56:00,831607,919481,"-10,045",149,28,0,51,307
2018/06/19,08:57:00,831666,919474,"-10,037",149,28,0,51,299
2018/06/19,08:58:00,831650,919388,"-10,030",149,28,0,51,283
2018/06/19,08:59:00,823165,909907,"-10,019",149,32,0,51,422
2018/06/19,09:00:00,822358,909001,"-10,017",148,37,0,51,59
2018/06/19,09:01:00,822050,908611,"-10,012",150,39,0,52,206
2018/06/19,09:02:00,821640,908235,"-10,020",149,40,0,52,-324
2018/06/19,09:03:00,821341,907948,"-10,025",149,41,0,53,-183
2018/06/19,09:04:00,821178,907770,"-10,025",149,42,0,53,-9
2018/06/19,09:05:00,820937,907562,"-10,032",150,42,0,56,-244
2018/06/19,09:06:00,820682,907313,"-10,035",149,43,0,57,-138
2018/06/19,09:07:00,820535,907151,"-10,035",149,43,0,57,-2
2018/06/19,09:08:00,820191,906871,"-10,046",149,44,0,58,-422
2018/06/19,09:09:00,820122,906767,"-10,043",149,44,0,58,116
2018/06/19,09:10:00,819845,906536,"-10,052",149,44,0,56,-317
2018/06/19,09:11:00,819793,906418,"-10,045",149,45,0,57,254
2018/06/19,09:12:00,819490,906159,"-10,053",149,45,0,57,-320
2018/06/19,09:13:00,819386,906050,"-10,054",149,45,0,58,-25
2018/06/19,09:14:00,819246,905899,"-10,054",149,45,0,58,-16
2018/06/19,09:15:00,819123,905748,"-10,053",149,45,0,56,63
2018/06/19,09:16:00,818968,905604,"-10,056",149,45,0,56,-115
2018/06/19,09:17:00,818793,905389,"-10,053",149,45,0,57,90
2018/06/19,09:18:00,818648,905259,"-10,057",149,46,0,57,-128
2018/06/19,09:19:00,818481,905059,"-10,055",149,46,0,58,65
2018/06/19,09:20:00,818347,904936,"-10,058",149,46,0,58,-106
2018/06/19,09:21:00,818238,904807,"-10,057",149,46,0,56,36
2018/06/19,09:22:00,818192,904718,"-10,053",149,46,0,57,161
2018/06/19,09:23:00,818006,904511,"-10,052",149,46,0,57,6
2018/06/19,09:24:00,817900,904390,"-10,052",149,46,0,58,16
2018/06/19,09:25:00,817908,904328,"-10,044",149,46,0,58,299
2018/06/19,09:26:00,817560,904003,"-10,051",149,46,0,61,-252
2018/06/19,09:27:00,817527,903923,"-10,046",149,46,0,62,183
2018/06/19,09:28:00,817488,903871,"-10,045",149,46,0,62,37
2018/06/19,09:29:00,817529,903835,"-10,036",149,46,0,63,343
2018/06/19,09:30:00,817351,903658,"-10,038",149,46,0,63,-83
2018/06/19,09:31:00,817298,903566,"-10,035",149,47,0,61,141
2018/06/19,09:32:00,817141,903411,"-10,037",149,47,0,61,-78
2018/06/19,09:33:00,817106,903326,"-10,031",149,47,0,62,195
2018/06/19,09:34:00,816991,903188,"-10,030",149,47,0,62,46
2018/06/19,09:35:00,816917,903072,"-10,026",149,47,0,63,144
2018/06/19,09:36:00,816978,903030,"-10,014",149,47,0,63,462
2018/06/19,09:37:00,816830,902860,"-10,014",149,47,0,61,27
2018/06/19,09:38:00,816769,902742,"-10,008",150,47,0,62,212
2018/06/19,09:39:00,816771,902689,"-10,002",149,47,0,62,233
2018/06/19,09:40:00,816714,902583,"-9,997",149,47,0,63,182
2018/06/19,09:41:00,816557,902424,"-9,999",149,47,0,63,-61
2018/06/19,09:42:00,816524,902324,"-9,992",149,47,0,61,268
2018/06/19,09:43:00,816471,902225,"-9,987",149,47,0,62,171
2018/06/19,09:44:00,816425,902110,"-9,980",149,47,0,62,271
2018/06/19,09:45:00,816392,902045,"-9,977",149,47,0,63,121
2018/06/19,09:46:00,816243,901922,"-9,982",149,47,0,63,-176
2018/06/19,09:47:00,816312,901892,"-9,970",149,47,0,63,449
2018/06/19,09:48:00,816240,901795,"-9,968",149,47,0,67,74
2018/06/19,09:49:00,816179,901656,"-9,960",149,47,0,67,303
2018/06/19,09:50:00,816057,901510,"-9,959",149,47,0,67,47
2018/06/19,09:51:00,816253,901595,"-9,944",149,47,0,68,556
2018/06/19,09:52:00,816070,901384,"-9,943",149,47,0,68,37
2018/06/19,09:53:00,816068,901364,"-9,941",149,47,0,66,75
2018/06/19,09:54:00,816024,901261,"-9,935",149,47,0,67,230
2018/06/19,09:55:00,815882,901064,"-9,931",149,47,0,67,170
2018/06/19,09:56:00,815919,901012,"-9,920",149,47,0,68,393
2018/06/19,09:57:00,815900,900948,"-9,916",149,47,0,68,182
2018/06/19,09:58:00,824432,910305,"-9,909",149,46,0,66,270
2018/06/19,09:59:00,825097,910999,"-9,904",149,40,0,68,168
2018/06/19,10:00:00,825413,911253,"-9,894",149,38,0,68,397
2018/06/19,10:01:00,825703,911277,"-9,861",149,37,0,68,1239
2018/06/19,10:02:00,825907,911198,"-9,828",149,36,0,68,1272
2018/06/19,10:03:00,826261,911307,"-9,797",149,35,0,68,1178
2018/06/19,10:04:00,826461,911202,"-9,761",149,34,0,67,1362
2018/06/19,10:05:00,826680,911177,"-9,732",149,34,0,67,1115
2018/06/19,10:06:00,826842,911151,"-9,710",149,33,0,67,856
2018/06/19,10:07:00,826988,911127,"-9,689",149,33,0,67,773
2018/06/19,10:08:00,827066,911072,"-9,674",149,33,0,67,590
2018/06/19,10:09:00,827194,911094,"-9,661",149,33,0,67,498
2018/06/19,10:10:00,827296,911074,"-9,646",149,32,0,66,554
2018/06/19,10:11:00,827355,911026,"-9,634",149,32,0,66,473
2018/06/19,10:12:00,827575,911156,"-9,621",149,32,0,69,470
2018/06/19,10:13:00,827718,911198,"-9,609",149,32,0,68,483
2018/06/19,10:14:00,827772,911149,"-9,597",149,32,0,68,454
2018/06/19,10:15:00,827830,911116,"-9,586",149,32,0,68,405
2018/06/19,10:16:00,827888,911086,"-9,576",149,31,0,68,393
2018/06/19,10:17:00,827908,911026,"-9,567",149,31,0,68,343
2018/06/19,10:18:00,827965,911006,"-9,558",149,31,0,67,346
2018/06/19,10:19:00,828013,910970,"-9,548",149,31,0,67,372
2018/06/19,10:20:00,828001,910881,"-9,540",149,31,0,67,317
2018/06/19,10:21:00,828063,910864,"-9,530",149,31,0,67,357
2018/06/19,10:22:00,828079,910813,"-9,523",149,31,0,67,287
2018/06/19,10:23:00,828059,910713,"-9,514",149,31,0,66,326
2018/06/19,10:24:00,828173,910771,"-9,507",149,31,0,66,282
2018/06/19,10:25:00,828211,910677,"-9,492",149,31,0,63,568
2018/06/19,10:26:00,828311,910705,"-9,483",149,31,0,63,343
2018/06/19,10:27:00,828386,910699,"-9,473",149,31,0,63,370
2018/06/19,10:28:00,828449,910680,"-9,464",149,30,0,63,369
2018/06/19,10:29:00,828520,910673,"-9,454",149,30,0,63,356
2018/06/19,10:30:00,828567,910635,"-9,444",149,30,0,63,375
2018/06/19,10:31:00,828582,910570,"-9,435",149,30,0,62,341
2018/06/19,10:32:00,828646,910561,"-9,427",149,30,0,62,332
2018/06/19,10:33:00,828687,910522,"-9,418",149,30,0,62,352
2018/06/19,10:34:00,828739,910497,"-9,409",149,30,0,62,344
2018/06/19,10:35:00,828791,910470,"-9,399",149,30,0,62,352
2018/06/19,10:36:00,828816,910396,"-9,388",149,30,0,61,425
2018/06/19,10:37:00,828931,910565,"-9,393",149,30,0,61,-179
2018/06/19,10:38:00,828984,910576,"-9,388",149,30,0,61,198
2018/06/19,10:39:00,829061,910586,"-9,379",149,30,0,63,312
2018/06/19,10:40:00,829205,910411,"-9,343",149,30,0,63,1395
2018/06/19,10:41:00,829280,910278,"-9,319",149,30,0,63,902
2018/06/19,10:42:00,829376,910250,"-9,305",149,30,0,63,559
2018/06/19,10:43:00,829452,910247,"-9,295",149,30,0,63,362
2018/06/19,10:44:00,829421,910143,"-9,287",149,30,0,62,293
2018/06/19,10:45:00,829410,910072,"-9,281",149,30,0,62,247
2018/06/19,10:46:00,829436,910044,"-9,275",149,29,0,62,237
2018/06/19,10:47:00,829437,909991,"-9,269",149,29,0,62,227
2018/06/19,10:48:00,821083,900767,"-9,262",149,31,0,62,248
2018/06/19,10:49:00,820169,899750,"-9,261",149,37,0,62,61
2018/06/19,10:50:00,819694,899289,"-9,267",149,39,0,63,-255
2018/06/19,10:51:00,819420,899044,"-9,274",149,41,0,63,-236
2018/06/19,10:52:00,819162,898801,"-9,278",149,42,0,61,-170
2018/06/19,10:53:00,818896,898560,"-9,284",150,42,0,62,-214
2018/06/19,10:54:00,818690,898410,"-9,292",149,43,0,62,-323
2018/06/19,10:55:00,818439,898196,"-9,299",149,44,0,63,-261
2018/06/19,10:56:00,818184,897991,"-9,307",149,44,0,63,-318
2018/06/19,10:57:00,817995,897868,"-9,317",149,44,0,66,-359
2018/06/19,10:58:00,817858,897725,"-9,318",149,45,0,67,-31
2018/06/19,10:59:00,817575,897516,"-9,329",149,45,0,67,-432
2018/06/19,11:00:00,817457,897375,"-9,328",149,45,0,68,49
2018/06/19,11:01:00,817252,897213,"-9,335",149,45,0,68,-268
2018/06/19,11:02:00,817151,897103,"-9,335",149,45,0,69,-4
2018/06/19,11:03:00,816955,896963,"-9,343",149,46,0,66,-320
2018/06/19,11:04:00,816751,896761,"-9,346",149,46,0,67,-93
2018/06/19,11:05:00,816690,896670,"-9,343",149,46,0,67,102
2018/06/19,11:06:00,816525,896523,"-9,347",149,46,0,68,-145
2018/06/19,11:07:00,816469,896423,"-9,342",149,46,0,68,164
2018/06/19,11:08:00,816278,896263,"-9,348",149,46,0,66,-211
2018/06/19,11:09:00,816164,896147,"-9,349",149,46,0,67,-39
2018/06/19,11:10:00,816005,896009,"-9,353",149,46,0,67,-156
2018/06/19,11:11:00,815979,895910,"-9,345",149,46,0,68,300
2018/06/19,11:12:00,815772,895749,"-9,353",149,46,0,68,-282
2018/06/19,11:13:00,815768,895718,"-9,350",149,46,0,66,113
2018/06/19,11:14:00,815716,895605,"-9,343",149,46,0,67,238
2018/06/19,11:15:00,815513,895427,"-9,348",149,46,0,67,-191
2018/06/19,11:16:00,815398,895275,"-9,345",149,47,0,68,110
2018/06/19,11:17:00,815388,895236,"-9,342",149,47,0,68,119
2018/06/19,11:18:00,815223,895082,"-9,345",149,47,0,69,-116
2018/06/19,11:19:00,815201,895003,"-9,339",149,47,0,72,234
2018/06/19,11:20:00,814931,894762,"-9,345",149,47,0,72,-236
2018/06/19,11:21:00,814971,894741,"-9,338",149,47,0,73,277
2018/06/19,11:22:00,814925,894680,"-9,337",149,47,0,73,45
2018/06/19,11:23:00,814799,894555,"-9,338",149,47,0,74,-57
2018/06/19,11:24:00,814649,894344,"-9,333",149,47,0,71,197
2018/06/19,11:25:00,814645,894327,"-9,332",149,47,0,72,54
2018/06/19,11:26:00,814607,894227,"-9,325",149,47,0,72,248
2018/06/19,11:27:00,814635,894204,"-9,319",149,47,0,73,229
2018/06/19,11:28:00,814442,894032,"-9,324",149,47,0,73,-170
2018/06/19,11:29:00,814522,894037,"-9,315",149,47,0,71,353
2018/06/19,11:30:00,814365,893858,"-9,314",149,47,0,72,28
2018/06/19,11:31:00,814360,893795,"-9,307",149,47,0,72,245
2018/06/19,11:32:00,814368,893752,"-9,302",149,47,0,73,221
2018/06/19,11:33:00,814231,893588,"-9,300",149,47,0,73,58
2018/06/19,11:34:00,814192,893511,"-9,296",149,47,0,74,146
2018/06/19,11:35:00,814273,893540,"-9,290",149,47,0,72,256
2018/06/19,11:36:00,814202,893424,"-9,285",149,47,0,72,163
2018/06/19,11:37:00,814046,893255,"-9,286",149,47,0,73,-9
2018/06/19,11:38:00,813978,893134,"-9,280",149,47,0,73,198
2018/06/19,11:39:00,814112,893209,"-9,272",149,47,0,74,307
2018/06/19,11:40:00,813916,893005,"-9,274",149,47,0,77,-47
2018/06/19,11:41:00,814023,893037,"-9,264",149,47,0,77,365
2018/06/19,11:42:00,814006,893001,"-9,262",149,47,0,78,74
2018/06/19,11:43:00,814018,892938,"-9,253",149,47,0,78,325
2018/06/19,11:44:00,813972,892868,"-9,251",149,47,0,79,83
2018/06/19,11:45:00,813995,892828,"-9,244",149,47,0,76,278
2018/06/19,11:46:00,814053,892856,"-9,240",149,47,0,77,152
2018/06/19,11:47:00,814063,892792,"-9,232",149,47,0,77,320
2018/06/19,11:48:00,813973,892666,"-9,229",149,47,0,78,117
2018/06/19,11:49:00,813862,892521,"-9,226",149,47,0,78,99
2018/06/19,11:50:00,813887,892482,"-9,218",149,47,0,76,284
2018/06/19,11:51:00,813950,892477,"-9,210",149,47,0,77,316
2018/06/19,11:52:00,813894,892419,"-9,211",149,47,0,77,-15
2018/06/19,11:53:00,813823,892302,"-9,206",149,47,0,78,167
2018/06/19,11:54:00,813810,892228,"-9,199",149,47,0,78,255
2018/06/19,11:55:00,813859,892191,"-9,189",149,47,0,79,388
2018/06/19,11:56:00,813789,892093,"-9,187",149,47,0,77,91
2018/06/19,11:57:00,813783,892034,"-9,181",149,47,0,77,224
2018/06/19,11:58:00,813780,891956,"-9,173",149,47,0,78,319
2018/06/19,11:59:00,813755,891882,"-9,167",149,47,0,78,199
2018/06/19,12:00:00,813655,891787,"-9,169",149,47,0,79,-62
2018/06/19,12:01:00,813828,891854,"-9,155",149,47,0,82,524
2018/06/19,12:02:00,813644,891658,"-9,156",149,47,0,82,-24
2018/06/19,12:03:00,813701,891603,"-9,143",149,47,0,83,502
2018/06/19,12:04:00,813698,891565,"-9,139",149,47,0,83,148
2018/06/19,12:05:00,813651,891486,"-9,136",149,47,0,84,118
2018/06/19,12:06:00,813751,891499,"-9,125",149,47,0,82,413
2018/06/19,12:07:00,813694,891406,"-9,122",149,47,0,82,131
2018/06/19,12:08:00,813519,891222,"-9,122",149,47,0,82,-33
2018/06/19,12:09:00,813647,891257,"-9,111",149,47,0,83,450
2018/06/19,12:10:00,813622,891225,"-9,110",149,47,0,83,20
2018/06/19,12:11:00,813579,891117,"-9,103",149,47,0,84,261
2018/06/19,12:12:00,813424,890955,"-9,104",149,47,0,82,-33
2018/06/19,12:13:00,813484,890950,"-9,096",149,47,0,82,303
2018/06/19,12:14:00,813513,890926,"-9,090",149,47,0,83,239
2018/06/19,12:15:00,813424,890790,"-9,086",149,47,0,83,165
2018/06/19,12:16:00,813378,890729,"-9,084",149,47,0,84,45
2018/06/19,12:17:00,813443,890697,"-9,073",149,47,0,82,442
2018/06/19,12:18:00,813339,890591,"-9,074",149,47,0,82,-34
2018/06/19,12:19:00,813335,890560,"-9,071",149,47,0,83,114
2018/06/19,12:20:00,813395,890539,"-9,061",149,47,0,83,371
2018/06/19,12:21:00,813292,890422,"-9,061",149,47,0,84,18
2018/06/19,12:22:00,813369,890427,"-9,052",149,47,0,87,339
2018/06/19,12:23:00,813294,890309,"-9,048",149,47,0,87,154
2018/06/19,12:24:00,813272,890271,"-9,046",149,47,0,88,60
2018/06/19,12:25:00,813323,890225,"-9,035",149,47,0,88,436
2018/06/19,12:26:00,813283,890186,"-9,035",149,47,0,89,-20
2018/06/19,12:27:00,813229,890092,"-9,031",149,47,0,87,149
2018/06/19,12:28:00,813221,890040,"-9,026",149,47,0,87,185
2018/06/19,12:29:00,813318,890054,"-9,016",149,47,0,88,395
2018/06/19,12:30:00,813323,890029,"-9,013",149,47,0,88,131
2018/06/19,12:31:00,813229,889910,"-9,011",149,47,0,89,69
2018/06/19,12:32:00,813292,889869,"-8,998",149,47,0,89,471
2018/06/19,12:33:00,813229,889813,"-9,000",149,47,0,87,-55
2018/06/19,12:34:00,813326,889818,"-8,988",149,47,0,87,433
2018/06/19,12:35:00,813161,889652,"-8,990",149,47,0,88,-62
2018/06/19,12:36:00,813234,889642,"-8,980",149,47,0,88,385
2018/06/19,12:37:00,813206,889563,"-8,975",149,47,0,89,207
2018/06/19,12:38:00,813092,889449,"-8,976",149,47,0,87,-46
2018/06/19,12:39:00,813195,889504,"-8,969",149,47,0,87,247
2018/06/19,12:40:00,813141,889400,"-8,964",150,47,0,88,191
2018/06/19,12:41:00,813080,889301,"-8,961",149,47,0,88,138
2018/06/19,12:42:00,813097,889271,"-8,955",149,47,0,89,208
2018/06/19,12:43:00,813083,889230,"-8,952",149,47,0,92,110
2018/06/19,12:44:00,813124,889212,"-8,945",149,47,0,92,269
2018/06/19,12:45:00,813193,889189,"-8,934",149,47,0,93,422
2018/06/19,12:46:00,813196,889169,"-8,932",149,47,0,93,100
2018/06/19,12:47:00,813227,889141,"-8,925",149,47,0,94,265
2018/06/19,12:48:00,821546,898277,"-8,929",149,46,0,94,-172
2018/06/19,12:49:00,822238,898984,"-8,924",149,40,0,94,210
2018/06/19,12:50:00,822657,899263,"-8,904",149,38,0,94,759
2018/06/19,12:51:00,822751,899097,"-8,874",149,37,0,94,1139
2018/06/19,12:52:00,823305,899502,"-8,851",149,36,0,93,849
2018/06/19,12:53:00,823521,899571,"-8,833",149,36,0,93,708
2018/06/19,12:54:00,823857,899821,"-8,820",149,35,0,93,496
2018/06/19,12:55:00,824135,899985,"-8,804",149,35,0,93,591
2018/06/19,12:56:00,824359,900040,"-8,783",149,34,0,93,803
2018/06/19,12:57:00,824606,900156,"-8,766",149,34,0,92,651
2018/06/19,12:58:00,824708,900150,"-8,753",149,34,0,92,497
2018/06/19,12:59:00,824860,900202,"-8,741",149,33,0,92,482
2018/06/19,13:00:00,825042,900292,"-8,728",149,33,0,92,460
2018/06/19,13:01:00,825132,900300,"-8,718",149,33,0,92,382
2018/06/19,13:02:00,825244,900323,"-8,707",149,33,0,89,420
2018/06/19,13:03:00,825340,900351,"-8,699",149,33,0,89,325
2018/06/19,13:04:00,825464,900396,"-8,689",149,32,0,89,382
2018/06/19,13:05:00,825515,900371,"-8,680",149,32,0,88,341
2018/06/19,13:06:00,825666,900452,"-8,671",149,32,0,88,354
2018/06/19,13:07:00,825703,900418,"-8,662",149,32,0,88,315
2018/06/19,13:08:00,825783,900427,"-8,654",149,32,0,88,331
2018/06/19,13:09:00,825810,900387,"-8,646",149,32,0,88,294
2018/06/19,13:10:00,825925,900443,"-8,638",149,32,0,87,294
2018/06/19,13:11:00,825960,900414,"-8,631",149,32,0,87,284
2018/06/19,13:12:00,826030,900416,"-8,623",149,32,0,87,315
2018/06/19,13:13:00,826055,900382,"-8,616",149,32,0,87,259
2018/06/19,13:14:00,826179,900463,"-8,610",149,32,0,87,229
2018/06/19,13:15:00,826135,900365,"-8,604",149,32,0,87,212
2018/06/19,13:16:00,826200,900380,"-8,598",149,32,0,89,236
2018/06/19,13:17:00,826202,900334,"-8,593",149,31,0,89,204
2018/06/19,13:18:00,826264,900350,"-8,587",149,31,0,89,218
2018/06/19,13:19:00,826267,900305,"-8,582",149,31,0,88,204
2018/06/19,13:20:00,826322,900313,"-8,576",149,31,0,88,220
2018/06/19,13:21:00,826351,900293,"-8,570",149,31,0,88,218
2018/06/19,13:22:00,826421,900328,"-8,565",149,31,0,88,175
2018/06/19,13:23:00,826430,900289,"-8,560",149,31,0,88,207
2018/06/19,13:24:00,826560,900380,"-8,554",149,31,0,87,214
2018/06/19,13:25:00,826551,900328,"-8,550",149,31,0,87,179
2018/06/19,13:26:00,826501,900226,"-8,544",149,31,0,87,201
2018/06/19,13:27:00,826577,900261,"-8,539",149,31,0,87,202
2018/06/19,13:28:00,826565,900203,"-8,534",149,31,0,87,190
2018/06/19,13:29:00,826621,900217,"-8,529",149,31,0,89,199
2018/06/19,13:30:00,826634,900183,"-8,524",149,31,0,89,204
2018/06/19,13:31:00,826694,900205,"-8,519",149,31,0,89,184
2018/06/19,13:32:00,826703,900164,"-8,513",149,31,0,89,215
2018/06/19,13:33:00,826694,900117,"-8,509",148,31,0,88,159
2018/06/19,13:34:00,826755,900132,"-8,503",149,31,0,88,218
2018/06/19,13:35:00,826720,900050,"-8,498",149,31,0,88,186
2018/06/19,13:36:00,826690,899963,"-8,492",149,31,0,88,230
2018/06/19,13:37:00,826695,899911,"-8,486",149,31,0,88,243
2018/06/19,13:38:00,826735,899911,"-8,481",149,31,0,87,184
2018/06/19,13:39:00,826691,899818,"-8,476",149,31,0,87,191
2018/06/19,13:40:00,826687,899771,"-8,471",149,31,0,87,181
2018/06/19,13:41:00,826704,899744,"-8,466",149,31,0,87,193
2018/06/19,13:42:00,826737,899744,"-8,462",149,31,0,87,152
2018/06/19,13:43:00,826703,899660,"-8,457",149,31,0,89,199
2018/06/19,13:44:00,826710,899630,"-8,453",150,31,0,89,158
2018/06/19,13:45:00,826743,899623,"-8,448",149,31,0,89,182
2018/06/19,13:46:00,826732,899569,"-8,444",149,31,0,88,178
2018/06/19,13:47:00,826749,899541,"-8,438",149,31,0,88,197
2018/06/19,13:48:00,826780,899529,"-8,433",149,31,0,88,194
2018/06/19,13:49:00,826733,899433,"-8,428",149,31,0,88,190
2018/06/19,13:50:00,826774,899433,"-8,423",148,31,0,88,190
2018/06/19,13:51:00,826808,899423,"-8,418",149,31,0,88,199
2018/06/19,13:52:00,826808,899384,"-8,414",150,31,0,87,164
2018/06/19,13:53:00,826732,899256,"-8,409",149,31,0,87,192
2018/06/19,13:54:00,826754,899238,"-8,404",149,31,0,87,178
2018/06/19,13:55:00,826790,899234,"-8,399",149,31,0,87,183
2018/06/19,13:56:00,826759,899165,"-8,395",149,31,0,87,150
2018/06/19,13:57:00,826791,899155,"-8,390",149,31,0,84,190
2018/06/19,13:58:00,826836,899166,"-8,386",149,31,0,84,161
2018/06/19,13:59:00,826811,899086,"-8,380",149,31,0,83,224
2018/06/19,14:00:00,826816,899050,"-8,376",150,31,0,83,175
2018/06/19,14:01:00,826808,898998,"-8,371",149,31,0,83,184
2018/06/19,14:02:00,826807,898961,"-8,367",149,31,0,83,152
2018/06/19,14:03:00,826832,898939,"-8,361",149,31,0,83,209
2018/06/19,14:04:00,826804,898867,"-8,357",149,31,0,83,176
2018/06/19,14:05:00,826799,898819,"-8,352",149,31,0,82,181
2018/06/19,14:06:00,826789,898760,"-8,347",149,31,0,82,204
2018/06/19,14:07:00,826763,898693,"-8,342",149,31,0,82,164
2018/06/19,14:08:00,826731,898616,"-8,338",149,31,0,82,179
2018/06/19,14:09:00,826832,898679,"-8,332",149,31,0,82,198
2018/06/19,14:10:00,826828,898626,"-8,327",149,31,0,84,206
2018/06/19,14:11:00,826767,898526,"-8,323",149,31,0,84,143
2018/06/19,14:12:00,826779,898504,"-8,319",149,31,0,84,149
2018/06/19,14:13:00,826805,898489,"-8,315",149,31,0,83,184
2018/06/19,14:14:00,826828,898469,"-8,310",149,31,0,83,191
2018/06/19,14:15:00,826814,898404,"-8,304",149,31,0,83,211
2018/06/19,14:16:00,826799,898340,"-8,299",149,31,0,83,202
2018/06/19,14:17:00,826838,898336,"-8,294",149,31,0,83,197
2018/06/19,14:18:00,826828,898288,"-8,289",149,31,0,82,158
2018/06/19,14:19:00,826820,898236,"-8,285",149,31,0,82,184
2018/06/19,14:20:00,826797,898177,"-8,281",149,31,0,82,144
2018/06/19,14:21:00,826754,898089,"-8,276",149,31,0,82,175
2018/06/19,14:22:00,826752,898051,"-8,272",149,31,0,82,152
2018/06/19,14:23:00,826776,898035,"-8,268",149,31,0,82,179
2018/06/19,14:24:00,826760,897980,"-8,263",149,31,0,84,160
2018/06/19,14:25:00,826753,897938,"-8,260",149,31,0,84,146
2018/06/19,14:26:00,826719,897870,"-8,256",149,31,0,84,132
2018/06/19,14:27:00,826683,897789,"-8,251",149,31,0,83,178
2018/06/19,14:28:00,826699,897774,"-8,248",149,31,0,83,137
2018/06/19,14:29:00,826687,897726,"-8,244",149,31,0,83,148
2018/06/19,14:30:00,826722,897720,"-8,239",149,31,0,83,187
2018/06/19,14:31:00,826703,897664,"-8,235",149,31,0,83,150
2018/06/19,14:32:00,826650,897568,"-8,231",149,31,0,82,163
2018/06/19,14:33:00,826690,897579,"-8,227",149,31,0,82,138
2018/06/19,14:34:00,826699,897552,"-8,223",149,31,0,82,156
2018/06/19,14:35:00,826684,897501,"-8,219",149,31,0,82,147
2018/06/19,14:36:00,826688,897461,"-8,214",150,31,0,82,187
2018/06/19,14:37:00,826724,897460,"-8,210",149,31,0,81,170
2018/06/19,14:38:00,826667,897363,"-8,206",149,31,0,84,149
2018/06/19,14:39:00,826743,897400,"-8,201",149,31,0,84,193
2018/06/19,14:40:00,826666,897278,"-8,196",149,31,0,83,163
2018/06/19,14:41:00,826702,897268,"-8,191",149,31,0,83,208
2018/06/19,14:42:00,826672,897190,"-8,186",149,31,0,83,193
2018/06/19,14:43:00,826724,897199,"-8,181",149,31,0,83,202
2018/06/19,14:44:00,826737,897166,"-8,175",149,31,0,83,200
2018/06/19,14:45:00,826689,897072,"-8,171",149,31,0,83,178
2018/06/19,14:46:00,826697,897033,"-8,165",149,31,0,82,203
2018/06/19,14:47:00,826774,897069,"-8,160",149,31,0,82,202
2018/06/19,14:48:00,826802,897050,"-8,155",149,31,0,82,210
2018/06/19,14:49:00,826770,896977,"-8,150",149,31,0,82,163
2018/06/19,14:50:00,826734,896892,"-8,145",149,31,0,82,195
2018/06/19,14:51:00,826775,896894,"-8,141",149,31,0,79,181
2018/06/19,14:52:00,826748,896819,"-8,135",149,31,0,79,194
2018/06/19,14:53:00,826731,896748,"-8,130",149,31,0,78,223
2018/06/19,14:54:00,826685,896646,"-8,124",149,31,0,78,222
2018/06/19,14:55:00,826711,896629,"-8,119",149,31,0,78,192
2018/06/19,14:56:00,826691,896556,"-8,113",149,31,0,78,218
2018/06/19,14:57:00,826708,896524,"-8,107",149,31,0,78,214
2018/06/19,14:58:00,826730,896496,"-8,102",149,31,0,77,221
2018/06/19,14:59:00,826698,896412,"-8,096",149,31,0,77,210
2018/06/19,15:00:00,826703,896369,"-8,091",149,31,0,77,206
2018/06/19,15:01:00,826701,896314,"-8,085",149,31,0,77,225
2018/06/19,15:02:00,826733,896297,"-8,079",149,31,0,77,220
2018/06/19,15:03:00,826750,896273,"-8,074",149,31,0,77,180
2018/06/19,15:04:00,826742,896207,"-8,068",150,31,0,76,242
2018/06/19,15:05:00,826695,896092,"-8,061",149,31,0,79,272
2018/06/19,15:06:00,826667,895985,"-8,052",149,31,0,79,326
2018/06/19,15:07:00,826612,895890,"-8,048",149,31,0,78,151
2018/06/19,15:08:00,826636,895916,"-8,048",149,31,0,78,0
2018/06/19,15:09:00,826654,895962,"-8,051",149,31,0,78,-113
2018/06/19,15:10:00,826598,895817,"-8,042",149,31,0,78,359
2018/06/19,15:11:00,826533,895674,"-8,034",149,31,0,78,309
2018/06/19,15:12:00,826566,895718,"-8,035",149,31,0,77,-35
2018/06/19,15:13:00,826584,895624,"-8,022",149,31,0,77,483
2018/06/19,15:14:00,826612,895317,"-7,984",149,31,0,77,1436
2018/06/19,15:15:00,826515,894980,"-7,958",149,31,0,77,988
2018/06/19,15:16:00,826492,894740,"-7,934",149,31,0,77,916
2018/06/19,15:17:00,826488,894171,"-7,871",149,31,0,76,2407
2018/06/19,15:18:00,826387,893323,"-7,789",149,31,0,79,3151
2018/06/19,15:19:00,826334,891946,"-7,641",149,31,0,79,5636
2018/06/19,15:20:00,826314,890695,"-7,503",149,31,0,78,5258
2018/06/19,15:21:00,826188,889436,"-7,377",149,31,0,78,4811
2018/06/19,15:22:00,826124,888535,"-7,283",149,31,0,78,3568
2018/06/19,15:23:00,826037,887533,"-7,181",149,32,0,78,3900
2018/06/19,15:24:00,825945,886283,"-7,051",149,32,0,78,4948
2018/06/19,15:25:00,825885,885115,"-6,926",149,32,0,77,4750
2018/06/19,15:26:00,825836,883856,"-6,790",149,32,0,77,5200
2018/06/19,15:27:00,825756,882187,"-6,610",149,32,0,77,6836
2018/06/19,15:28:00,825609,879269,"-6,297",149,32,0,77,11951
2018/06/19,15:29:00,825504,875890,"-5,925",149,32,0,77,14193
2018/06/19,15:30:00,825410,873370,"-5,648",149,32,0,77,10549
2018/06/19,15:31:00,825345,871498,"-5,441",149,32,0,76,7879
2018/06/19,15:32:00,825233,870043,"-5,288",149,32,0,79,5852
2018/06/19,15:33:00,825144,868862,"-5,163",149,32,0,79,4767
2018/06/19,15:34:00,825109,867685,"-5,031",149,32,0,78,5006
2018/06/19,15:35:00,825035,866414,"-4,894",149,32,0,78,5246
2018/06/19,15:36:00,825008,864969,"-4,730",149,33,0,78,6238
2018/06/19,15:37:00,824923,864268,"-4,659",149,33,0,78,2698
2018/06/19,15:38:00,824894,862528,"-4,461",149,33,0,78,7548
2018/06/19,15:39:00,824747,860920,"-4,292",149,33,0,77,6434
2018/06/19,15:40:00,824683,856932,"-3,836",149,33,0,77,17404
2018/06/19,15:41:00,824587,850308,"-3,072",149,33,0,77,29138
2018/06/19,15:42:00,824518,845733,"-2,540",149,33,0,77,20247
2018/06/19,15:43:00,824504,843310,"-2,255",149,33,0,77,10872
2018/06/19,15:44:00,824419,841893,"-2,097",149,33,0,76,6018
2018/06/19,15:45:00,824304,840979,"-2,003",149,33,0,74,3609
2018/06/19,15:46:00,824262,840490,"-1,950",149,33,0,74,2023
2018/06/19,15:47:00,824225,840374,"-1,940",149,33,0,73,355
2018/06/19,15:48:00,824211,840236,"-1,926",149,33,0,73,561
2018/06/19,15:49:00,824147,840006,"-1,906",149,33,0,73,748
2018/06/19,15:50:00,824165,839858,"-1,886",149,33,0,73,755
2018/06/19,15:51:00,824238,839675,"-1,856",149,33,0,73,1168
2018/06/19,15:52:00,824218,839383,"-1,823",149,33,0,72,1233
2018/06/19,15:53:00,824272,839192,"-1,794",149,33,0,72,1117
2018/06/19,15:54:00,824317,838964,"-1,761",149,33,0,72,1244
2018/06/19,15:55:00,824376,838774,"-1,731",149,33,0,72,1136
2018/06/19,15:56:00,824427,838573,"-1,701",149,33,0,72,1149
2018/06/19,15:57:00,824470,838402,"-1,676",149,33,0,71,976
2018/06/19,15:58:00,824506,838138,"-1,640",149,33,0,71,1367
2018/06/19,15:59:00,824581,837722,"-1,581",149,32,0,74,2239
2018/06/19,16:00:00,824608,837426,"-1,542",149,32,0,73,1472
2018/06/19,16:01:00,824656,837191,"-1,509",149,32,0,73,1292
2018/06/19,16:02:00,824714,836958,"-1,474",149,32,0,73,1329
2018/06/19,16:03:00,824751,836742,"-1,443",149,32,0,73,1155
2018/06/19,16:04:00,824832,836547,"-1,410",149,32,0,73,1263
2018/06/19,16:05:00,824915,836346,"-1,376",149,32,0,72,1300
2018/06/19,16:06:00,824925,836081,"-1,343",149,32,0,72,1254
2018/06/19,16:07:00,824913,835827,"-1,314",149,32,0,72,1103
2018/06/19,16:08:00,824947,835631,"-1,287",149,32,0,72,1051
2018/06/19,16:09:00,824934,835432,"-1,265",149,32,0,72,848
2018/06/19,16:10:00,824961,835267,"-1,242",149,32,0,71,878
2018/06/19,16:11:00,825017,835134,"-1,219",149,32,0,71,866
2018/06/19,16:12:00,824991,834916,"-1,196",149,32,0,74,875
2018/06/19,16:13:00,825041,834780,"-1,174",149,32,0,73,852
2018/06/19,16:14:00,825045,834557,"-1,146",149,32,0,73,1037
2018/06/19,16:15:00,825081,834388,"-1,122",149,32,0,73,938
2018/06/19,16:16:00,825051,834170,"-1,099",149,32,0,73,857
2018/06/19,16:17:00,825071,834010,"-1,078",149,32,0,73,824
2018/06/19,16:18:00,825059,833836,"-1,058",149,32,0,73,740
2018/06/19,16:19:00,825134,833761,"-1,040",149,32,0,72,689
2018/06/19,16:20:00,825159,833644,"-1,023",149,32,0,72,650
2018/06/19,16:21:00,825113,833443,"-1,004",149,32,0,72,707
2018/06/19,16:22:00,825159,833339,"-0,986",149,32,0,72,688
2018/06/19,16:23:00,825160,833174,"-0,967",149,32,0,72,759
2018/06/19,16:24:00,825190,833027,"-0,945",149,32,0,71,811
2018/06/19,16:25:00,825192,832813,"-0,919",149,32,0,74,989
2018/06/19,16:26:00,825263,832681,"-0,895",149,32,0,74,932
2018/06/19,16:27:00,825282,832507,"-0,872",149,32,0,73,884
2018/06/19,16:28:00,825325,832347,"-0,847",149,32,0,73,931
2018/06/19,16:29:00,825330,832163,"-0,825",149,32,0,73,866
2018/06/19,16:30:00,825310,831952,"-0,802",149,32,0,73,874
2018/06/19,16:31:00,825395,831851,"-0,779",149,32,0,73,855
2018/06/19,16:32:00,825427,831701,"-0,757",149,32,0,72,835
2018/06/19,16:33:00,825424,831558,"-0,740",149,32,0,72,642
2018/06/19,16:34:00,825398,831281,"-0,710",149,32,0,72,1150
2018/06/19,16:35:00,825429,831006,"-0,673",149,32,0,72,1404
2018/06/19,16:36:00,825426,830765,"-0,645",149,32,0,72,1092
2018/06/19,16:37:00,825530,830623,"-0,615",149,32,0,71,1132
2018/06/19,16:38:00,825539,830391,"-0,586",149,32,0,71,1106
2018/06/19,16:39:00,825571,830172,"-0,556",149,32,0,68,1153
2018/06/19,16:40:00,825506,829915,"-0,533",149,32,0,68,880
2018/06/19,16:41:00,825544,829756,"-0,509",149,32,0,68,906
2018/06/19,16:42:00,825586,829608,"-0,486",149,32,0,68,874
2018/06/19,16:43:00,825570,829389,"-0,462",149,32,0,68,933
2018/06/19,16:44:00,825547,829154,"-0,436",149,32,0,67,974
2018/06/19,16:45:00,825542,828940,"-0,411",149,32,0,67,961
2018/06/19,16:46:00,825603,828808,"-0,387",149,32,0,67,889
2018/06/19,16:47:00,825574,828561,"-0,361",149,32,0,67,1002
2018/06/19,16:48:00,825600,828385,"-0,337",149,32,0,67,930
2018/06/19,16:49:00,825600,828172,"-0,311",149,32,0,67,980
2018/06/19,16:50:00,825580,827946,"-0,286",149,32,0,66,948
2018/06/19,16:51:00,825600,827781,"-0,264",149,32,0,66,852
2018/06/19,16:52:00,825581,827580,"-0,242",149,32,0,69,838
2018/06/19,16:53:00,825564,827376,"-0,219",149,32,0,68,861
2018/06/19,16:54:00,825564,827199,"-0,198",149,32,0,68,816
2018/06/19,16:55:00,825554,827026,"-0,178",149,32,0,68,751
2018/06/19,16:56:00,825627,826935,"-0,158",149,32,0,68,757
2018/06/19,16:57:00,825601,826753,"-0,139",149,32,0,68,719
2018/06/19,16:58:00,825583,826586,"-0,121",149,32,0,67,687
2018/06/19,16:59:00,825602,826450,"-0,103",149,32,0,67,715
2018/06/19,17:00:00,825624,826302,"-0,082",149,32,0,67,784
2018/06/19,17:01:00,825605,826112,"-0,061",149,32,0,67,789
2018/06/19,17:02:00,825613,825942,"-0,040",149,32,0,67,821
2018/06/19,17:03:00,825586,825766,"-0,022",149,32,0,66,688
2018/06/19,17:04:00,825578,825592,"-0,002",149,32,0,66,766
2018/06/19,17:05:00,825607,825455,"0,018",149,32,0,69,767
2018/06/19,17:06:00,825629,825291,"0,041",149,32,0,68,859
2018/06/19,17:07:00,825634,825114,"0,063",149,32,0,68,841
2018/06/19,17:08:00,825587,824893,"0,084",149,32,0,68,804
2018/06/19,17:09:00,825601,824711,"0,108",149,32,0,68,906
2018/06/19,17:10:00,825615,824542,"0,130",149,32,0,68,846
2018/06/19,17:11:00,825595,824351,"0,151",149,32,0,67,791
2018/06/19,17:12:00,825573,824175,"0,169",149,32,0,67,712
2018/06/19,17:13:00,825578,824032,"0,187",149,32,0,67,685
2018/06/19,17:14:00,825631,823932,"0,206",149,32,0,67,707
2018/06/19,17:15:00,825610,823754,"0,225",149,32,0,67,727
2018/06/19,17:16:00,825574,823494,"0,252",149,32,0,66,1037
2018/06/19,17:17:00,825655,823285,"0,287",149,32,0,66,1342
2018/06/19,17:18:00,825642,823050,"0,314",149,32,0,69,1028
2018/06/19,17:19:00,825665,822864,"0,340",149,32,0,68,968
2018/06/19,17:20:00,825639,822655,"0,362",149,32,0,68,848
2018/06/19,17:21:00,825647,822449,"0,388",149,32,0,68,992
2018/06/19,17:22:00,825743,822361,"0,410",149,32,0,68,851
2018/06/19,17:23:00,825799,822243,"0,432",149,32,0,68,806
2018/06/19,17:24:00,825822,822109,"0,451",149,32,0,67,727
2018/06/19,17:25:00,825798,821921,"0,471",149,32,0,67,761
2018/06/19,17:26:00,825791,821749,"0,491",149,31,0,67,766
2018/06/19,17:27:00,825850,821641,"0,511",149,31,0,67,773
2018/06/19,17:28:00,825817,821433,"0,532",149,32,0,67,813
2018/06/19,17:29:00,825819,821263,"0,553",149,32,0,66,798
2018/06/19,17:30:00,825889,821167,"0,573",149,32,0,66,769
2018/06/19,17:31:00,825848,820930,"0,597",149,32,0,63,911
2018/06/19,17:32:00,825902,820765,"0,624",149,32,0,63,1016
2018/06/19,17:33:00,825887,820494,"0,655",149,32,0,63,1190
2018/06/19,17:34:00,825850,820220,"0,684",149,32,0,63,1102
2018/06/19,17:35:00,825832,819939,"0,716",149,32,0,63,1223
2018/06/19,17:36:00,825807,819695,"0,743",149,32,0,62,1019
2018/06/19,17:37:00,825846,819529,"0,768",149,32,0,62,952
2018/06/19,17:38:00,825889,819374,"0,792",149,32,0,62,920
2018/06/19,17:39:00,825883,819173,"0,816",149,32,0,62,908
2018/06/19,17:40:00,825863,818961,"0,839",149,32,0,62,894
2018/06/19,17:41:00,825895,818840,"0,858",149,32,0,62,711
2018/06/19,17:42:00,825837,818616,"0,878",149,32,0,61,775
2018/06/19,17:43:00,825853,818467,"0,898",149,32,0,61,768
2018/06/19,17:44:00,825832,818268,"0,920",149,32,0,63,830
2018/06/19,17:45:00,825834,818076,"0,944",149,32,0,63,904
2018/06/19,17:46:00,825836,817904,"0,965",149,32,0,63,811
2018/06/19,17:47:00,825809,817709,"0,986",149,31,0,63,784
2018/06/19,17:48:00,825813,817554,"1,005",149,32,0,63,741
2018/06/19,17:49:00,825834,817423,"1,024",149,31,0,62,708
2018/06/19,17:50:00,825855,817289,"1,043",149,31,0,62,722
2018/06/19,17:51:00,825842,817112,"1,063",149,31,0,62,766
2018/06/19,17:52:00,825861,816960,"1,084",149,31,0,62,797
2018/06/19,17:53:00,825864,816780,"1,106",149,31,0,62,854
2018/06/19,17:54:00,825955,816688,"1,128",149,31,0,62,849
2018/06/19,17:55:00,825979,816535,"1,150",149,31,0,61,825
2018/06/19,17:56:00,826011,816365,"1,175",149,31,0,61,941
2018/06/19,17:57:00,825990,816161,"1,197",149,31,0,63,856
2018/06/19,17:58:00,825984,815981,"1,218",149,31,0,63,813
2018/06/19,17:59:00,826059,815886,"1,239",149,31,0,63,790
2018/06/19,18:00:00,826025,815680,"1,260",149,31,0,63,806
2018/06/19,18:01:00,826039,815538,"1,279",149,31,0,63,728
2018/06/19,18:02:00,826052,815374,"1,301",149,32,0,63,827
2018/06/19,18:03:00,826083,815209,"1,325",149,32,0,62,915
2018/06/19,18:04:00,826086,815010,"1,350",149,32,0,62,945
2018/06/19,18:05:00,826064,814803,"1,373",149,32,0,62,867
2018/06/19,18:06:00,826097,814661,"1,394",149,32,0,62,817
2018/06/19,18:07:00,826080,814453,"1,417",149,32,0,62,895
2018/06/19,18:08:00,826079,814291,"1,437",149,32,0,61,754
2018/06/19,18:09:00,826025,814078,"1,457",149,32,0,61,748
2018/06/19,18:10:00,826064,813953,"1,477",149,32,0,63,765
2018/06/19,18:11:00,826090,813798,"1,499",149,32,0,63,846
2018/06/19,18:12:00,826074,813604,"1,521",149,32,0,63,835
2018/06/19,18:13:00,826000,813359,"1,542",149,32,0,63,807
2018/06/19,18:14:00,826016,813203,"1,563",149,32,0,63,805
2018/06/19,18:15:00,826051,813073,"1,584",149,32,0,62,771
2018/06/19,18:16:00,826051,812910,"1,604",149,32,0,62,764
2018/06/19,18:17:00,826039,812739,"1,623",149,32,0,62,747
2018/06/19,18:18:00,826007,812546,"1,643",149,32,0,62,758
2018/06/19,18:19:00,826053,812431,"1,663",149,32,0,62,752
2018/06/19,18:20:00,826063,812280,"1,683",149,32,0,62,755
2018/06/19,18:21:00,826059,812109,"1,703",149,32,0,61,784
2018/06/19,18:22:00,826061,811927,"1,726",149,32,0,61,864
2018/06/19,18:23:00,826109,811807,"1,746",149,32,0,58,785
2018/06/19,18:24:00,826063,811583,"1,768",149,32,0,58,840
2018/06/19,18:25:00,826069,811407,"1,791",149,32,0,58,854
2018/06/19,18:26:00,826088,811255,"1,812",149,32,0,58,802
2018/06/19,18:27:00,826084,811072,"1,834",149,32,0,58,842
2018/06/19,18:28:00,826052,810860,"1,856",149,32,0,57,849
2018/06/19,18:29:00,826087,810712,"1,879",149,32,0,57,857
2018/06/19,18:30:00,826097,810513,"1,904",149,32,0,57,982
2018/06/19,18:31:00,826154,810319,"1,935",149,32,0,57,1176
2018/06/19,18:32:00,826092,810064,"1,959",149,32,0,57,914
2018/06/19,18:33:00,826113,809880,"1,985",149,32,0,56,963
2018/06/19,18:34:00,826166,809734,"2,009",149,32,0,56,932
2018/06/19,18:35:00,826162,809542,"2,032",149,32,0,56,886
2018/06/19,18:36:00,826091,809248,"2,060",149,32,0,58,1057
2018/06/19,18:37:00,826087,809028,"2,087",149,32,0,58,1018
2018/06/19,18:38:00,826129,808851,"2,114",149,32,0,58,1028
2018/06/19,18:39:00,826114,808630,"2,139",149,32,0,58,972
2018/06/19,18:40:00,826125,808432,"2,165",149,32,0,58,984
2018/06/19,18:41:00,826132,808211,"2,193",149,32,0,57,1075
2018/06/19,18:42:00,826206,808072,"2,219",149,32,0,57,997
2018/06/19,18:43:00,826179,807840,"2,245",149,32,0,57,970
2018/06/19,18:44:00,826160,807609,"2,271",149,32,0,57,1003
2018/06/19,18:45:00,826173,807381,"2,301",149,31,0,57,1136
2018/06/19,18:46:00,826149,807125,"2,330",149,31,0,56,1098
2018/06/19,18:47:00,826180,806922,"2,359",149,31,0,56,1102
2018/06/19,18:48:00,826226,806728,"2,388",149,31,0,56,1129
2018/06/19,18:49:00,826157,806396,"2,421",149,31,0,58,1251
2018/06/19,18:50:00,826148,806127,"2,453",149,31,0,58,1230
2018/06/19,18:51:00,826195,805931,"2,483",149,31,0,58,1144
2018/06/19,18:52:00,826157,805531,"2,528",149,31,0,58,1717
2018/06/19,18:53:00,826176,805211,"2,570",149,31,0,58,1602
2018/06/19,18:54:00,826201,804940,"2,607",149,31,0,57,1399
2018/06/19,18:55:00,826252,804715,"2,641",149,31,0,57,1301
2018/06/19,18:56:00,826277,804489,"2,672",149,31,0,57,1186
2018/06/19,18:57:00,826250,804193,"2,706",149,31,0,57,1278
2018/06/19,18:58:00,826293,803969,"2,739",149,31,0,57,1260
2018/06/19,18:59:00,826223,803642,"2,771",149,31,0,56,1228
2018/06/19,19:00:00,826129,803295,"2,803",149,31,0,56,1213
2018/06/19,19:01:00,826165,803078,"2,834",149,31,0,56,1196
2018/06/19,19:02:00,826233,802889,"2,866",149,31,0,58,1211
2018/06/19,19:03:00,826203,802622,"2,896",149,31,0,58,1129
2018/06/19,19:04:00,826236,802430,"2,924",149,31,0,58,1064
2018/06/19,19:05:00,826222,802190,"2,952",149,31,0,58,1076
2018/06/19,19:06:00,826256,802011,"2,978",149,31,0,58,1008
2018/06/19,19:07:00,826265,801810,"3,004",149,31,0,57,997
2018/06/19,19:08:00,826281,801608,"3,032",149,31,0,57,1034
2018/06/19,19:09:00,826339,801461,"3,057",149,31,0,57,967
2018/06/19,19:10:00,826303,801227,"3,082",149,31,0,57,947
2018/06/19,19:11:00,826248,800978,"3,106",149,31,0,57,931
2018/06/19,19:12:00,826281,800813,"3,131",149,31,0,56,938
2018/06/19,19:13:00,826319,800645,"3,156",149,31,0,56,975
2018/06/19,19:14:00,826328,800461,"3,180",149,31,0,56,918
2018/06/19,19:15:00,826343,800276,"3,205",149,31,0,53,950
2018/06/19,19:16:00,826351,800065,"3,233",149,31,0,53,1042
2018/06/19,19:17:00,826363,799871,"3,258",149,31,0,53,980
2018/06/19,19:18:00,826356,799617,"3,289",149,31,0,53,1178
2018/06/19,19:19:00,826374,799387,"3,320",149,31,0,52,1180
2018/06/19,19:20:00,826397,799145,"3,353",149,31,0,52,1260
2018/06/19,19:21:00,826385,798873,"3,386",149,31,0,52,1242
2018/06/19,19:22:00,826372,798616,"3,416",149,31,0,52,1167
2018/06/19,19:23:00,826411,798409,"3,447",149,31,0,52,1168
2018/06/19,19:24:00,826375,798147,"3,476",149,31,0,51,1085
2018/06/19,19:25:00,826398,797941,"3,504",149,31,0,51,1090
2018/06/19,19:26:00,826376,797696,"3,532",149,31,0,51,1069
2018/06/19,19:27:00,826442,797525,"3,562",149,31,0,51,1122
2018/06/19,19:28:00,826431,797253,"3,594",149,31,0,53,1250
2018/06/19,19:29:00,826431,797015,"3,624",149,31,0,53,1138
2018/06/19,19:30:00,826444,796786,"3,655",149,31,0,53,1155
2018/06/19,19:31:00,826460,796580,"3,682",149,31,0,53,1059
2018/06/19,19:32:00,826452,796347,"3,711",149,31,0,52,1078
2018/06/19,19:33:00,826438,796109,"3,739",149,31,0,52,1075
2018/06/19,19:34:00,826494,795944,"3,766",149,31,0,52,1048
2018/06/19,19:35:00,826454,795684,"3,794",149,31,0,52,1061
2018/06/19,19:36:00,826456,795425,"3,827",149,31,0,52,1250
2018/06/19,19:37:00,826441,795124,"3,863",149,31,0,51,1374
2018/06/19,19:38:00,826474,794874,"3,898",149,31,0,51,1351
2018/06/19,19:39:00,826507,794638,"3,932",149,31,0,51,1284
2018/06/19,19:40:00,826524,794399,"3,964",149,31,0,51,1225
2018/06/19,19:41:00,826473,794097,"3,996",149,31,0,53,1214
2018/06/19,19:42:00,826479,793851,"4,028",149,31,0,53,1209
2018/06/19,19:43:00,826530,793664,"4,058",149,31,0,53,1133
2018/06/19,19:44:00,826528,793429,"4,087",149,31,0,53,1120
2018/06/19,19:45:00,826509,793163,"4,118",149,31,0,52,1191
2018/06/19,19:46:00,826523,792944,"4,148",149,31,0,52,1117
2018/06/19,19:47:00,826578,792769,"4,176",149,31,0,52,1095
2018/06/19,19:48:00,826597,792563,"4,205",149,31,0,52,1078
2018/06/19,19:49:00,826610,792348,"4,233",149,31,0,52,1094
2018/06/19,19:50:00,826593,792089,"4,264",149,31,0,51,1168
2018/06/19,19:51:00,826640,791904,"4,293",149,31,0,51,1107
2018/06/19,19:52:00,826619,791649,"4,323",149,31,0,51,1131
2018/06/19,19:53:00,826631,791439,"4,351",149,31,0,51,1067
2018/06/19,19:54:00,826623,791156,"4,385",149,31,0,53,1326
2018/06/19,19:55:00,826603,790861,"4,420",149,31,0,53,1329
2018/06/19,19:56:00,826682,790669,"4,454",149,31,0,53,1290
2018/06/19,19:57:00,826686,790399,"4,489",149,31,0,52,1320
2018/06/19,19:58:00,826689,790143,"4,521",149,31,0,52,1249
2018/06/19,19:59:00,826663,789855,"4,555",149,31,0,52,1270
2018/06/19,20:00:00,826649,789580,"4,588",149,31,0,52,1263
2018/06/19,20:01:00,826633,789288,"4,623",149,31,0,52,1336
2018/06/19,20:02:00,826694,789071,"4,658",149,31,0,52,1330
2018/06/19,20:03:00,826645,788769,"4,690",149,31,0,51,1233
2018/06/19,20:04:00,826714,788579,"4,723",149,31,0,51,1237
2018/06/19,20:05:00,826644,788252,"4,756",149,31,0,51,1258
2018/06/19,20:06:00,826643,787999,"4,788",149,31,0,51,1219
2018/06/19,20:07:00,826648,787738,"4,821",149,31,0,48,1286
2018/06/19,20:08:00,826617,787456,"4,853",149,31,0,48,1222
2018/06/19,20:09:00,826646,787248,"4,883",149,31,0,48,1141
2018/06/19,20:10:00,826639,787007,"4,913",149,31,0,47,1135
2018/06/19,20:11:00,826701,786815,"4,945",149,31,0,47,1216
2018/06/19,20:12:00,826667,786545,"4,975",149,31,0,47,1152
2018/06/19,20:13:00,826615,786252,"5,006",149,31,0,47,1181
2018/06/19,20:14:00,826586,785988,"5,036",149,31,0,47,1146
2018/06/19,20:15:00,826618,785782,"5,066",149,31,0,46,1147
2018/06/19,20:16:00,826613,785537,"5,097",149,31,0,46,1166
2018/06/19,20:17:00,826604,785288,"5,128",149,31,0,46,1167
2018/06/19,20:18:00,826537,784973,"5,160",149,31,0,46,1220
2018/06/19,20:19:00,826576,784754,"5,192",149,31,0,48,1244
2018/06/19,20:20:00,826614,784558,"5,222",149,31,0,48,1127
2018/06/19,20:21:00,826566,784280,"5,251",149,31,0,48,1130
2018/06/19,20:22:00,826525,784011,"5,281",149,31,0,48,1119
2018/06/19,20:23:00,826549,783798,"5,311",149,31,0,47,1146
2018/06/19,20:24:00,826599,783608,"5,341",149,31,0,47,1155
2018/06/19,20:25:00,826551,783323,"5,372",149,31,0,47,1165
2018/06/19,20:26:00,826542,783088,"5,401",149,31,0,47,1102
2018/06/19,20:27:00,826547,782847,"5,432",149,31,0,47,1196
2018/06/19,20:28:00,826561,782632,"5,461",149,31,0,46,1112
2018/06/19,20:29:00,826512,782365,"5,489",149,31,0,46,1075
2018/06/19,20:30:00,826541,782168,"5,518",149,31,0,46,1094
2018/06/19,20:31:00,826479,781882,"5,547",149,31,0,46,1108
2018/06/19,20:32:00,826459,781636,"5,576",149,31,0,48,1107
2018/06/19,20:33:00,826479,781437,"5,604",149,31,0,48,1063
2018/06/19,20:34:00,826445,781180,"5,633",149,31,0,48,1097
2018/06/19,20:35:00,826499,781001,"5,662",149,31,0,47,1123
2018/06/19,20:36:00,826458,780721,"5,693",149,31,0,47,1178
2018/06/19,20:37:00,826427,780463,"5,722",149,31,0,47,1117
2018/06/19,20:38:00,826414,780233,"5,750",149,31,0,47,1064
2018/06/19,20:39:00,826415,780014,"5,779",149,31,0,47,1075
2018/06/19,20:40:00,826481,779854,"5,807",149,31,0,46,1086
2018/06/19,20:41:00,826416,779583,"5,834",149,31,0,46,1025
2018/06/19,20:42:00,826432,779376,"5,862",149,31,0,46,1086
2018/06/19,20:43:00,826375,779110,"5,890",149,31,0,46,1038
2018/06/19,20:44:00,826427,778948,"5,917",149,31,0,46,1033
2018/06/19,20:45:00,826408,778727,"5,943",149,31,0,48,994
2018/06/19,20:46:00,826383,778486,"5,971",149,31,0,48,1065
2018/06/19,20:47:00,826372,778273,"5,997",149,31,0,48,992
2018/06/19,20:48:00,826351,778048,"6,023",149,31,0,47,1005
2018/06/19,20:49:00,826279,777761,"6,051",149,31,0,47,1074
2018/06/19,20:50:00,826290,777567,"6,078",149,31,0,47,1002
2018/06/19,20:51:00,826327,777385,"6,105",149,31,0,47,1063
2018/06/19,20:52:00,826306,777161,"6,132",149,31,0,47,1002
2018/06/19,20:53:00,826250,776909,"6,157",149,31,0,46,978
2018/06/19,20:54:00,826279,776727,"6,184",149,31,0,46,1027
2018/06/19,20:55:00,826232,776477,"6,211",149,31,0,46,1010
2018/06/19,20:56:00,826238,776291,"6,236",149,31,0,46,941
2018/06/19,20:57:00,826245,776106,"6,260",149,31,0,46,941
2018/06/19,20:58:00,826255,775926,"6,285",149,31,0,43,930
2018/06/19,20:59:00,826200,775669,"6,311",149,31,0,43,1009
2018/06/19,21:00:00,826159,775425,"6,338",149,31,0,42,1010
2018/06/19,21:01:00,826199,775262,"6,363",149,31,0,42,986
2018/06/19,21:02:00,826153,775021,"6,389",149,31,0,42,973
2018/06/19,21:03:00,826179,774841,"6,415",149,31,0,42,1005
2018/06/19,21:04:00,826218,774679,"6,441",149,31,0,42,977
2018/06/19,21:05:00,826181,774452,"6,466",149,31,0,41,946
2018/06/19,21:06:00,826185,774259,"6,491",149,31,0,41,969
2018/06/19,21:07:00,826149,774024,"6,517",149,31,0,41,991
2018/06/19,21:08:00,826153,773830,"6,543",149,31,0,41,974
2018/06/19,21:09:00,826204,773690,"6,567",149,31,0,41,925
2018/06/19,21:10:00,826205,773490,"6,593",149,31,0,40,990
2018/06/19,21:11:00,826171,773261,"6,619",149,31,0,43,972
2018/06/19,21:12:00,826172,773057,"6,645",149,31,0,43,1010
2018/06/19,21:13:00,826184,772869,"6,671",149,31,0,42,983
2018/06/19,21:14:00,826224,772714,"6,696",149,31,0,42,949
2018/06/19,21:15:00,826182,772493,"6,719",149,31,0,42,897
2018/06/19,21:16:00,826126,772250,"6,744",149,31,0,42,941
2018/06/19,21:17:00,826121,772038,"6,771",149,31,0,42,1024
2018/06/19,21:18:00,826099,771827,"6,795",149,31,0,41,940
2018/06/19,21:19:00,826087,771621,"6,821",149,31,0,41,962
2018/06/19,21:20:00,826117,771466,"6,844",149,31,0,41,904
2018/06/19,21:21:00,826111,771277,"6,868",149,31,0,41,906
2018/06/19,21:22:00,826093,771065,"6,893",149,31,0,41,965
2018/06/19,21:23:00,826056,770847,"6,917",149,31,0,43,907
2018/06/19,21:24:00,826079,770685,"6,941",149,31,0,43,907
2018/06/19,21:25:00,826066,770483,"6,966",149,31,0,43,939
2018/06/19,21:26:00,826067,770307,"6,989",149,31,0,42,876
2018/06/19,21:27:00,826130,770188,"7,012",149,31,0,42,880
2018/06/19,21:28:00,826097,769974,"7,036",149,31,0,42,907
2018/06/19,21:29:00,826044,769745,"7,059",149,31,0,42,889
2018/06/19,21:30:00,826024,769545,"7,082",149,31,0,42,898
2018/06/19,21:31:00,826033,769377,"7,105",149,31,0,41,874
2018/06/19,21:32:00,826013,769162,"7,131",149,31,0,41,973
2018/06/19,21:33:00,826061,769025,"7,155",149,31,0,41,901
2018/06/19,21:34:00,825983,768764,"7,179",149,31,0,41,934
2018/06/19,21:35:00,826011,768612,"7,202",149,31,0,41,883
2018/06/19,21:36:00,825972,768400,"7,225",149,31,0,43,872
2018/06/19,21:37:00,825979,768213,"7,250",149,31,0,43,960
2018/06/19,21:38:00,825981,768028,"7,275",149,31,0,43,927
2018/06/19,21:39:00,825948,767817,"7,298",149,31,0,42,895
2018/06/19,21:40:00,825977,767665,"7,321",149,31,0,42,889
2018/06/19,21:41:00,825981,767490,"7,345",149,31,0,42,888
2018/06/19,21:42:00,825975,767301,"7,369",149,31,0,42,911
2018/06/19,21:43:00,825913,767059,"7,393",149,31,0,42,916
2018/06/19,21:44:00,825906,766871,"7,416",149,31,0,41,902
2018/06/19,21:45:00,825912,766703,"7,439",149,31,0,41,863
2018/06/19,21:46:00,825824,766417,"7,466",149,32,0,41,1016
2018/06/19,21:47:00,825845,766226,"7,493",149,32,0,41,1047
2018/06/19,21:48:00,825915,766052,"7,524",149,32,0,40,1189
2018/06/19,21:49:00,825863,765592,"7,578",149,32,0,38,2050
2018/06/19,21:50:00,825885,765138,"7,640",149,32,0,38,2363
2018/06/19,21:51:00,825905,764533,"7,721",149,32,0,37,3108
2018/06/19,21:52:00,825848,763785,"7,812",149,32,0,37,3468
2018/06/19,21:53:00,825860,763167,"7,895",149,32,0,37,3141
2018/06/19,21:54:00,825810,762565,"7,968",149,32,0,37,2777
2018/06/19,21:55:00,825773,761939,"8,045",149,32,0,37,2960
2018/06/19,21:56:00,825726,761326,"8,120",149,32,0,36,2851
2018/06/19,21:57:00,825736,760712,"8,202",149,32,0,36,3122
2018/06/19,21:58:00,825698,760119,"8,275",149,32,0,36,2797
2018/06/19,21:59:00,825681,759533,"8,350",149,32,0,36,2862
2018/06/19,22:00:00,825713,759030,"8,421",149,32,0,36,2673
2018/06/19,22:01:00,825702,758505,"8,488",149,32,0,38,2587
2018/06/19,22:02:00,825688,757994,"8,554",149,32,0,38,2504
2018/06/19,22:03:00,825656,757464,"8,620",149,32,0,37,2519
2018/06/19,22:04:00,825598,756950,"8,681",149,32,0,37,2320
2018/06/19,22:05:00,825593,756474,"8,743",149,32,0,37,2375
2018/06/19,22:06:00,825554,755968,"8,806",149,32,0,37,2371
2018/06/19,22:07:00,825578,755529,"8,867",149,32,0,37,2325
2018/06/19,22:08:00,825539,755049,"8,925",149,32,0,36,2243
2018/06/19,22:09:00,825534,754603,"8,984",149,32,0,36,2229
2018/06/19,22:10:00,825470,754100,"9,043",149,32,0,36,2246
2018/06/19,22:11:00,825456,753664,"9,099",149,32,0,36,2140
2018/06/19,22:12:00,825446,753245,"9,153",149,32,0,36,2074
2018/06/19,22:13:00,825487,752902,"9,204",149,32,0,35,1926
2018/06/19,22:14:00,825470,752511,"9,254",149,32,0,38,1902
2018/06/19,22:15:00,825474,752154,"9,302",149,32,0,38,1827
2018/06/19,22:16:00,825388,751714,"9,350",149,32,0,37,1833
2018/06/19,22:17:00,825366,751333,"9,398",149,32,0,37,1831
2018/06/19,22:18:00,825380,750986,"9,446",149,32,0,37,1826
2018/06/19,22:19:00,825377,750631,"9,493",149,32,0,37,1789
2018/06/19,22:20:00,825312,750234,"9,538",149,32,0,37,1716
2018/06/19,22:21:00,825319,749901,"9,583",149,32,0,36,1725
2018/06/19,22:22:00,825317,749560,"9,628",149,32,0,36,1725
2018/06/19,22:23:00,816763,741493,"9,668",149,36,0,36,1533
2018/06/19,22:24:00,816007,740488,"9,711",149,41,0,37,1640
2018/06/19,22:25:00,815580,739828,"9,748",149,43,0,37,1404
2018/06/19,22:26:00,815291,739331,"9,780",149,45,0,38,1211
2018/06/19,22:27:00,814905,738817,"9,802",149,46,0,36,846
2018/06/19,22:28:00,814751,738449,"9,833",149,46,0,36,1179
2018/06/19,22:29:00,814468,738048,"9,853",149,47,0,36,746
2018/06/19,22:30:00,814226,737680,"9,873",149,47,0,37,768
2018/06/19,22:31:00,814122,737376,"9,901",149,48,0,37,1084
2018/06/19,22:32:00,813807,736908,"9,926",149,48,0,38,945
2018/06/19,22:33:00,813769,736649,"9,957",149,48,0,36,1162
2018/06/19,22:34:00,813553,736279,"9,980",149,49,0,36,903
2018/06/19,22:35:00,813316,735901,"10,002",149,49,0,37,847
2018/06/19,22:36:00,813171,735585,"10,028",149,49,0,37,958
2018/06/19,22:37:00,813077,735303,"10,054",149,49,0,38,1021
2018/06/19,22:38:00,812973,735000,"10,083",149,49,0,41,1084
2018/06/19,22:39:00,812795,734648,"10,109",149,49,0,41,991
2018/06/19,22:40:00,812584,734296,"10,131",149,50,0,42,837
2018/06/19,22:41:00,812447,734001,"10,154",149,50,0,42,889
2018/06/19,22:42:00,812387,733761,"10,179",149,50,0,43,965
2018/06/19,22:43:00,812489,733634,"10,209",149,50,0,43,1138
2018/06/19,22:44:00,812301,733303,"10,231",149,50,0,41,838
2018/06/19,22:45:00,812139,732994,"10,253",149,50,0,41,846
2018/06/19,22:46:00,812040,732718,"10,279",149,50,0,42,971
2018/06/19,22:47:00,812027,732516,"10,305",149,50,0,42,990
2018/06/19,22:48:00,811811,732186,"10,323",149,50,0,43,704
2018/06/19,22:49:00,811733,731951,"10,346",149,50,0,41,857
2018/06/19,22:50:00,811691,731706,"10,374",149,50,0,41,1079
2018/06/19,22:51:00,811622,731469,"10,398",149,50,0,42,911
2018/06/19,22:52:00,811594,731260,"10,423",149,50,0,42,958
2018/06/19,22:53:00,811449,730988,"10,442",149,51,0,42,737
2018/06/19,22:54:00,811428,730800,"10,466",149,51,0,43,882
2018/06/19,22:55:00,811257,730487,"10,487",150,51,0,41,824
2018/06/19,22:56:00,811142,730232,"10,508",149,51,0,41,791
2018/06/19,22:57:00,811133,730043,"10,533",150,51,0,42,938
2018/06/19,22:58:00,811158,729885,"10,558",150,51,0,42,936
2018/06/19,22:59:00,811043,729617,"10,580",149,51,0,43,859
2018/06/19,23:00:00,810995,729392,"10,605",150,51,0,46,944
2018/06/19,23:01:00,810820,729100,"10,624",149,51,0,46,704
2018/06/19,23:02:00,810816,728914,"10,649",150,51,0,47,947
2018/06/19,23:03:00,810854,728778,"10,672",149,51,0,47,890
2018/06/19,23:04:00,810789,728561,"10,694",149,51,0,48,830
2018/06/19,23:05:00,810769,728379,"10,716",149,51,0,48,858
2018/06/19,23:06:00,810586,728099,"10,732",149,51,0,46,605
2018/06/19,23:07:00,810614,727955,"10,755",149,51,0,46,886
2018/06/19,23:08:00,810660,727828,"10,778",149,51,0,47,881
2018/06/19,23:09:00,810442,727505,"10,796",149,51,0,47,667
2018/06/19,23:10:00,810472,727371,"10,818",149,51,0,48,843
2018/06/19,23:11:00,810356,727139,"10,836",149,51,0,46,670
2018/06/19,23:12:00,810351,726980,"10,857",149,51,0,46,810
2018/06/19,23:13:00,810402,726859,"10,880",149,51,0,47,874
2018/06/19,23:14:00,810329,726663,"10,898",149,51,0,47,685
2018/06/19,23:15:00,810257,726457,"10,917",149,51,0,48,742
2018/06/19,23:16:00,810189,726246,"10,938",149,51,0,48,787
2018/06/19,23:17:00,810131,726067,"10,955",149,51,0,46,667
2018/06/19,23:18:00,810043,725840,"10,976",149,51,0,46,778
2018/06/19,23:19:00,810130,725742,"11,000",149,51,0,47,924
2018/06/19,23:20:00,810141,725594,"11,022",149,51,0,47,829
2018/06/19,23:21:00,809998,725342,"11,039",149,51,0,48,651
2018/06/19,23:22:00,810038,725230,"11,059",149,51,0,51,777
2018/06/19,23:23:00,809965,725019,"11,079",149,51,0,51,766
2018/06/19,23:24:00,809932,724838,"11,100",149,51,0,52,796
2018/06/19,23:25:00,809985,724730,"11,122",149,51,0,52,817
2018/06/19,23:26:00,809854,724507,"11,136",149,51,0,53,557
2018/06/19,23:27:00,809933,724399,"11,161",149,51,0,53,940
2018/06/19,23:28:00,809788,724150,"11,177",149,51,0,51,628
2018/06/19,23:29:00,809733,723969,"11,196",149,52,0,51,694
2018/06/19,23:30:00,809717,723803,"11,217",149,52,0,52,799
2018/06/19,23:31:00,809660,723617,"11,235",149,52,0,52,711
2018/06/19,23:32:00,809798,723583,"11,257",149,52,0,53,829
2018/06/19,23:33:00,809732,723407,"11,273",149,52,0,53,617
2018/06/19,23:34:00,809775,723265,"11,298",149,52,0,51,951
2018/06/19,23:35:00,809697,723071,"11,315",149,52,0,52,655
2018/06/19,23:36:00,809657,722890,"11,335",149,52,0,52,766
2018/06/19,23:37:00,809695,722780,"11,355",149,52,0,53,759
2018/06/19,23:38:00,809601,722589,"11,370",149,52,0,53,565
2018/06/19,23:39:00,809542,722394,"11,390",149,52,0,51,751
2018/06/19,23:40:00,809707,722366,"11,414",149,52,0,51,925
2018/06/19,23:41:00,809571,722110,"11,433",149,52,0,52,711
2018/06/19,23:42:00,809531,721960,"11,449",149,52,0,52,604
2018/06/19,23:43:00,809610,721862,"11,472",149,52,0,53,889
2018/06/19,23:44:00,809495,721660,"11,486",149,52,0,53,525
2018/06/19,23:45:00,809463,721483,"11,506",149,52,0,56,784
2018/06/19,23:46:00,809534,721393,"11,527",149,52,0,57,810
2018/06/19,23:47:00,809456,721207,"11,544",149,52,0,57,616
2018/06/19,23:48:00,809427,721027,"11,565",149,52,0,58,815
2018/06/19,23:49:00,809435,720895,"11,584",149,52,0,58,736
2018/06/19,23:50:00,809477,720800,"11,603",149,52,0,56,700
2018/06/19,23:51:00,809469,720643,"11,623",149,52,0,56,793
2018/06/19,23:52:00,809526,720535,"11,645",149,52,0,57,840
2018/06/19,23:53:00,809473,720352,"11,664",149,52,0,57,719
2018/06/19,23:54:00,809412,720178,"11,681",149,51,0,58,634
2018/06/19,23:55:00,809502,720101,"11,703",149,52,0,58,831
2018/06/19,23:56:00,809351,719860,"11,718",149,52,0,56,565
2018/06/19,23:57:00,809321,719688,"11,738",149,52,0,57,770
2018/06/19,23:58:00,809366,719589,"11,757",149,52,0,57,736
2018/06/19,23:59:00,809347,719428,"11,777",149,51,0,58,764
2018/06/20,00:00:00,809467,719362,"11,801",149,51,0,58,915
2018/06/20,00:01:00,809326,719136,"11,815",149,51,0,56,534
2018/06/20,00:02:00,809292,718961,"11,835",149,51,0,56,768
2018/06/20,00:03:00,809278,718819,"11,853",149,51,0,57,687
2018/06/20,00:04:00,809427,718793,"11,875",149,51,0,57,840
2018/06/20,00:05:00,809352,718601,"11,893",149,51,0,58,665
2018/06/20,00:06:00,809434,718511,"11,915",149,51,0,58,864
2018/06/20,00:07:00,809262,718257,"11,930",149,51,0,61,538
2018/06/20,00:08:00,809288,718126,"11,951",149,51,0,62,818
2018/06/20,00:09:00,809304,718014,"11,969",149,51,0,62,670
2018/06/20,00:10:00,809411,717944,"11,992",149,51,0,63,876
2018/06/20,00:11:00,809321,717747,"12,008",149,51,0,63,622
2018/06/20,00:12:00,809475,717738,"12,028",149,51,0,61,773
2018/06/20,00:13:00,809339,717510,"12,043",149,51,0,62,571
2018/06/20,00:14:00,809308,717346,"12,062",149,51,0,62,725
2018/06/20,00:15:00,809324,717211,"12,083",149,51,0,63,793
2018/06/20,00:16:00,809345,717106,"12,100",149,51,0,63,657
2018/06/20,00:17:00,809365,716995,"12,118",149,51,0,63,684
2018/06/20,00:18:00,809204,716735,"12,134",149,51,0,61,624
2018/06/20,00:19:00,809236,716638,"12,152",149,51,0,62,667
2018/06/20,00:20:00,809287,716523,"12,174",149,51,0,62,852
2018/06/20,00:21:00,809313,716419,"12,192",149,51,0,63,676
2018/06/20,00:22:00,809258,716261,"12,207",149,51,0,63,582
2018/06/20,00:23:00,809307,716133,"12,231",149,51,0,61,912
2018/06/20,00:24:00,809366,716052,"12,250",149,51,0,62,709
2018/06/20,00:25:00,809251,715834,"12,266",149,51,0,62,619
2018/06/20,00:26:00,809338,715764,"12,287",149,51,0,63,783
2018/06/20,00:27:00,809214,715542,"12,302",149,51,0,63,598
2018/06/20,00:28:00,809276,715444,"12,324",149,51,0,63,814
2018/06/20,00:29:00,809231,715286,"12,340",149,51,0,66,630
2018/06/20,00:30:00,809260,715166,"12,361",149,51,0,67,776
2018/06/20,00:31:00,809246,715037,"12,377",149,51,0,67,622
2018/06/20,00:32:00,809226,714881,"12,396",149,51,0,68,738
2018/06/20,00:33:00,809277,714796,"12,414",149,51,0,68,694
2018/06/20,00:34:00,809204,714595,"12,434",149,51,0,66,728
2018/06/20,00:35:00,809248,714487,"12,454",149,51,0,67,783
2018/06/20,00:36:00,809292,714392,"12,473",149,51,0,67,714
2018/06/20,00:37:00,809190,714193,"12,488",149,51,0,68,582
2018/06/20,00:38:00,809224,714085,"12,507",149,51,0,68,737
2018/06/20,00:39:00,809243,713968,"12,526",149,51,0,69,714
2018/06/20,00:40:00,809166,713781,"12,543",149,51,0,67,636
2018/06/20,00:41:00,809297,713743,"12,564",149,51,0,67,820
2018/06/20,00:42:00,809248,713583,"12,581",149,51,0,67,624
2018/06/20,00:43:00,809175,713394,"12,598",149,51,0,68,666
2018/06/20,00:44:00,809208,713280,"12,618",149,51,0,68,765
2018/06/20,00:45:00,809200,713147,"12,636",149,51,0,66,673
2018/06/20,00:46:00,809343,713112,"12,658",149,51,0,67,861
2018/06/20,00:47:00,809195,712880,"12,673",149,51,0,67,543
2018/06/20,00:48:00,809272,712789,"12,695",149,51,0,68,849
2018/06/20,00:49:00,809199,712606,"12,712",149,51,0,68,635
2018/06/20,00:50:00,809164,712444,"12,730",149,51,0,71,702
2018/06/20,00:51:00,809297,712392,"12,754",149,51,0,72,905
2018/06/20,00:52:00,809134,712143,"12,769",149,51,0,72,565
2018/06/20,00:53:00,809177,712050,"12,787",149,50,0,73,700
2018/06/20,00:54:00,809270,711972,"12,809",149,50,0,73,856
2018/06/20,00:55:00,809268,711846,"12,827",149,50,0,74,665
2018/06/20,00:56:00,809353,711765,"12,849",149,50,0,72,834
2018/06/20,00:57:00,809275,711576,"12,866",149,50,0,72,645
2018/06/20,00:58:00,809303,711450,"12,887",149,50,0,72,807
2018/06/20,00:59:00,809222,711268,"12,902",149,50,0,73,594
2018/06/20,01:00:00,809156,711081,"12,921",149,50,0,73,691
2018/06/20,01:01:00,809279,711022,"12,944",149,50,0,71,896
2018/06/20,01:02:00,809187,710810,"12,962",149,50,0,72,703
2018/06/20,01:03:00,809233,710706,"12,983",149,50,0,72,774
2018/06/20,01:04:00,809163,710530,"12,999",149,50,0,73,614
2018/06/20,01:05:00,809297,710476,"13,023",149,50,0,73,921
2018/06/20,01:06:00,809250,710290,"13,043",149,50,0,74,777
2018/06/20,01:07:00,809178,710115,"13,059",149,50,0,72,600
2018/06/20,01:08:00,809263,710027,"13,082",149,50,0,72,873
2018/06/20,01:09:00,809126,709800,"13,097",149,50,0,73,574
2018/06/20,01:10:00,809189,709696,"13,120",149,50,0,73,855
2018/06/20,01:11:00,809220,709595,"13,138",149,50,0,74,689
2018/06/20,01:12:00,809312,709513,"13,161",149,50,0,77,874
2018/06/20,01:13:00,809147,709257,"13,176",149,50,0,77,598
2018/06/20,01:14:00,809226,709163,"13,199",149,50,0,78,877
2018/06/20,01:15:00,809219,709023,"13,218",149,50,0,78,720
2018/06/20,01:16:00,809340,708974,"13,240",149,50,0,78,833
2018/06/20,01:17:00,809310,708803,"13,260",149,50,0,76,778
2018/06/20,01:18:00,809237,708622,"13,277",149,50,0,77,630
2018/06/20,01:19:00,809322,708527,"13,301",149,50,0,77,911
2018/06/20,01:20:00,809228,708320,"13,318",149,50,0,78,671
2018/06/20,01:21:00,809244,708178,"13,341",149,50,0,78,840
2018/06/20,01:22:00,809237,708031,"13,360",149,50,0,79,758
2018/06/20,01:23:00,809126,707777,"13,383",149,50,0,77,845
2018/06/20,01:24:00,809196,707693,"13,403",149,50,0,77,782
2018/06/20,01:25:00,809088,707477,"13,420",149,50,0,78,655
2018/06/20,01:26:00,809273,707470,"13,444",149,50,0,78,909
2018/06/20,01:27:00,809300,707345,"13,465",149,50,0,79,801
2018/06/20,01:28:00,809105,707054,"13,482",149,50,0,76,650
2018/06/20,01:29:00,809200,706980,"13,504",149,50,0,77,847
2018/06/20,01:30:00,809246,706876,"13,525",149,50,0,77,778
2018/06/20,01:31:00,809233,706708,"13,547",149,50,0,78,845
2018/06/20,01:32:00,809266,706591,"13,568",149,50,0,78,787
2018/06/20,01:33:00,809172,706387,"13,585",149,50,0,79,658
2018/06/20,01:34:00,809186,706238,"13,608",149,50,0,82,870
2018/06/20,01:35:00,809280,706163,"13,630",149,50,0,82,848
2018/06/20,01:36:00,809202,705963,"13,649",149,50,0,83,712
2018/06/20,01:37:00,809299,705887,"13,671",149,50,0,83,867
2018/06/20,01:38:00,809257,705706,"13,692",149,50,0,84,780
2018/06/20,01:39:00,809154,705496,"13,709",149,49,0,82,649
2018/06/20,01:40:00,809290,705450,"13,732",149,49,0,82,889
2018/06/20,01:41:00,809372,705361,"13,755",149,49,0,83,867
2018/06/20,01:42:00,809326,705181,"13,775",149,49,0,83,756
2018/06/20,01:43:00,809145,704911,"13,791",149,49,0,84,607
2018/06/20,01:44:00,809237,704811,"13,816",149,49,0,82,974
2018/06/20,01:45:00,809296,704713,"13,837",149,49,0,82,808
2018/06/20,01:46:00,809171,704476,"13,856",149,49,0,83,693
2018/06/20,01:47:00,809296,704420,"13,879",149,49,0,83,892
2018/06/20,01:48:00,809313,704278,"13,901",149,49,0,83,849
2018/06/20,01:49:00,809271,704110,"13,920",149,49,0,84,712
2018/06/20,01:50:00,809243,703943,"13,940",149,49,0,82,772
2018/06/20,01:51:00,809237,703789,"13,961",149,49,0,82,806
2018/06/20,01:52:00,809271,703662,"13,984",149,49,0,83,848
2018/06/20,01:53:00,809270,703496,"14,007",149,49,0,83,895
2018/06/20,01:54:00,809310,703384,"14,028",149,49,0,84,795
2018/06/20,01:55:00,809326,703244,"14,050",149,49,0,87,834
2018/06/20,01:56:00,809267,703040,"14,072",149,49,0,87,828
2018/06/20,01:57:00,809300,702924,"14,092",149,49,0,88,784
2018/06/20,01:58:00,809203,702702,"14,112",149,49,0,88,747
2018/06/20,01:59:00,809294,702631,"14,133",149,49,0,89,814
2018/06/20,02:00:00,809183,702390,"14,154",149,49,0,87,785
2018/06/20,02:01:00,809324,702324,"14,180",149,49,0,87,1022
2018/06/20,02:02:00,809185,702073,"14,199",149,49,0,88,708
2018/06/20,02:03:00,809328,702015,"14,225",149,49,0,88,989
2018/06/20,02:04:00,809170,701758,"14,242",149,49,0,89,652
2018/06/20,02:05:00,809342,701722,"14,268",149,49,0,87,1006
2018/06/20,02:06:00,809222,701486,"14,287",149,49,0,87,717
2018/06/20,02:07:00,809357,701424,"14,313",149,49,0,88,973
2018/06/20,02:08:00,809286,701237,"14,331",149,49,0,88,682
2018/06/20,02:09:00,809324,701089,"14,356",149,49,0,88,984
2018/06/20,02:10:00,809326,700948,"14,377",149,49,0,89,776
2018/06/20,02:11:00,809339,700798,"14,400",149,49,0,87,877
2018/06/20,02:12:00,809275,700595,"14,421",149,49,0,87,803
2018/06/20,02:13:00,809428,700564,"14,444",149,49,0,88,889
2018/06/20,02:14:00,809321,700335,"14,464",149,49,0,88,742
2018/06/20,02:15:00,809217,700117,"14,482",149,49,0,89,697
2018/06/20,02:16:00,809259,699994,"14,505",149,49,0,92,868
2018/06/20,02:17:00,809449,699970,"14,532",149,49,0,92,1026
2018/06/20,02:18:00,809392,699782,"14,551",149,49,0,93,756
2018/06/20,02:19:00,809354,699602,"14,572",149,49,0,93,802
2018/06/20,02:20:00,809397,699466,"14,597",149,49,0,94,944
2018/06/20,02:21:00,809209,699193,"14,613",149,49,0,92,603
2018/06/20,02:22:00,809250,699069,"14,636",149,49,0,92,869
2018/06/20,02:23:00,809375,699008,"14,660",149,48,0,93,921
2018/06/20,02:24:00,809483,698929,"14,685",149,48,0,93,939
2018/06/20,02:25:00,809335,698677,"14,702",149,48,0,94,678
2018/06/20,02:26:00,809341,698515,"14,726",149,48,0,94,912
2018/06/20,02:27:00,809327,698358,"14,747",149,48,0,92,791
2018/06/20,02:28:00,809353,698224,"14,770",149,48,0,93,854
2018/06/20,02:29:00,809357,698083,"14,790",149,48,0,93,789
2018/06/20,02:30:00,809277,697876,"14,810",149,48,0,94,754
2018/06/20,02:31:00,809402,697808,"14,835",149,48,0,94,960
2018/06/20,02:32:00,809343,697606,"14,857",149,48,0,92,826
2018/06/20,02:33:00,809262,697397,"14,877",149,48,0,92,761
2018/06/20,02:34:00,809472,697399,"14,902",149,48,0,93,978
2018/06/20,02:35:00,809312,697140,"14,920",149,48,0,93,662
2018/06/20,02:36:00,809242,696933,"14,941",149,48,0,94,802
2018/06/20,02:37:00,809458,696926,"14,969",149,48,0,97,1056
2018/06/20,02:38:00,809408,696741,"14,989",149,48,0,97,777
2018/06/20,02:39:00,809344,696541,"15,010",149,48,0,98,793
2018/06/20,02:40:00,809334,696385,"15,031",149,48,0,98,807
2018/06/20,02:41:00,809440,696296,"15,057",149,48,0,99,986
2018/06/20,02:42:00,809461,696175,"15,077",149,48,0,97,761
2018/06/20,02:43:00,809280,695882,"15,096",149,48,0,97,752
2018/06/20,02:44:00,809449,695852,"15,122",149,48,0,98,960
2018/06/20,02:45:00,809393,695662,"15,142",149,48,0,98,777
2018/06/20,02:46:00,809420,695537,"15,163",149,48,0,99,812
2018/06/20,02:47:00,809257,695252,"15,184",149,48,0,99,795
2018/06/20,02:48:00,809328,695154,"15,207",149,48,0,97,872
2018/06/20,02:49:00,809476,695104,"15,233",149,48,0,98,971
2018/06/20,02:50:00,809428,694919,"15,253",149,48,0,98,789
2018/06/20,02:51:00,809392,694740,"15,275",149,48,0,99,813
2018/06/20,02:52:00,809446,694611,"15,300",149,48,0,99,962
2018/06/20,02:53:00,809381,694426,"15,318",149,48,0,97,709
2018/06/20,02:54:00,809390,694281,"15,340",149,48,0,98,838
2018/06/20,02:55:00,809464,694176,"15,365",149,48,0,98,925
2018/06/20,02:56:00,809513,694070,"15,386",149,48,0,99,813
2018/06/20,02:57:00,809417,693850,"15,406",149,48,0,99,756
2018/06/20,02:58:00,809512,693753,"15,432",149,48,0,100,980
2018/06/20,02:59:00,809437,693545,"15,452",149,47,0,100,790
2018/06/20,03:00:00,809533,693452,"15,478",149,47,0,100,963
2018/06/20,03:01:00,809500,693271,"15,500",149,47,0,100,840
2018/06/20,03:02:00,809466,693100,"15,520",149,47,0,100,780
2018/06/20,03:03:00,809468,692949,"15,542",149,47,0,100,840
2018/06/20,03:04:00,809496,692801,"15,567",149,47,0,100,946
2018/06/20,03:05:00,809419,692598,"15,587",149,47,0,100,755
2018/06/20,03:06:00,809452,692474,"15,609",149,47,0,100,838
2018/06/20,03:07:00,809580,692425,"15,632",149,47,0,100,873
2018/06/20,03:08:00,809400,692141,"15,650",149,47,0,100,716
2018/06/20,03:09:00,809410,691995,"15,673",149,47,0,100,851
2018/06/20,03:10:00,809433,691861,"15,695",149,47,0,100,847
2018/06/20,03:11:00,809504,691752,"15,719",149,47,0,100,935
2018/06/20,03:12:00,809524,691604,"15,743",149,47,0,100,910
2018/06/20,03:13:00,809446,691394,"15,764",149,47,0,100,790
2018/06/20,03:14:00,809472,691260,"15,787",149,47,0,100,861
2018/06/20,03:15:00,809412,691077,"15,806",149,47,0,100,727
2018/06/20,03:16:00,809454,690960,"15,828",149,47,0,100,843
2018/06/20,03:17:00,809514,690828,"15,854",149,47,0,100,1011
2018/06/20,03:18:00,809549,690696,"15,878",149,47,0,100,893
2018/06/20,03:19:00,809552,690536,"15,901",149,47,0,100,897
2018/06/20,03:20:00,809541,690367,"15,924",149,47,0,100,881
2018/06/20,03:21:00,809579,690221,"15,950",149,47,0,100,985
2018/06/20,03:22:00,809523,690017,"15,973",149,47,0,100,863
2018/06/20,03:23:00,809425,689786,"15,994",149,47,0,100,815
2018/06/20,03:24:00,809577,689731,"16,021",149,47,0,100,1020
2018/06/20,03:25:00,809601,689561,"16,049",149,47,0,100,1053
2018/06/20,03:26:00,809562,689365,"16,072",149,47,0,100,900
2018/06/20,03:27:00,809555,689201,"16,095",149,47,0,100,874
2018/06/20,03:28:00,809556,689036,"16,119",149,47,0,100,917
2018/06/20,03:29:00,809501,688816,"16,144",149,47,0,100,958
2018/06/20,03:30:00,809501,688637,"16,170",149,46,0,100,991
2018/06/20,03:31:00,809500,688474,"16,194",149,46,0,100,898
2018/06/20,03:32:00,809530,688325,"16,219",149,46,0,100,966
2018/06/20,03:33:00,809589,688200,"16,245",149,46,0,100,970
2018/06/20,03:34:00,809595,688028,"16,270",149,46,0,100,981
2018/06/20,03:35:00,809649,687887,"16,298",149,46,0,100,1036
2018/06/20,03:36:00,809608,687678,"16,323",149,46,0,100,965
2018/06/20,03:37:00,809534,687460,"16,346",149,46,0,100,860
2018/06/20,03:38:00,809577,687306,"16,373",149,46,0,100,1057
2018/06/20,03:39:00,809723,687238,"16,401",149,46,0,100,1065
2018/06/20,03:40:00,809780,687113,"16,426",149,46,0,100,962
2018/06/20,03:41:00,809765,686945,"16,449",149,46,0,100,862
2018/06/20,03:42:00,809921,686881,"16,478",149,46,0,100,1089
2018/06/20,03:43:00,809894,686700,"16,501",149,46,0,100,878
2018/06/20,03:44:00,809863,686517,"16,523",149,46,0,100,870
2018/06/20,03:45:00,810055,686472,"16,554",149,46,0,100,1154
2018/06/20,03:46:00,810096,686339,"16,578",149,46,0,100,932
2018/06/20,03:47:00,810029,686119,"16,602",149,46,0,100,907
2018/06/20,03:48:00,810063,685980,"16,626",149,45,0,100,932
2018/06/20,03:49:00,810271,685957,"16,655",149,45,0,100,1107
2018/06/20,03:50:00,810292,685805,"16,680",149,45,0,100,944
2018/06/20,03:51:00,810227,685594,"16,703",149,45,0,100,867
2018/06/20,03:52:00,810418,685554,"16,732",149,45,0,100,1121
2018/06/20,03:53:00,810407,685374,"16,757",149,45,0,100,949
2018/06/20,03:54:00,810488,685269,"16,783",149,45,0,100,965
2018/06/20,03:55:00,810359,685013,"16,804",149,45,0,100,818
2018/06/20,03:56:00,810425,684885,"16,831",149,45,0,100,1023
2018/06/20,03:57:00,810528,684793,"16,857",149,45,0,100,997
2018/06/20,03:58:00,810643,684698,"16,885",149,45,0,100,1070
2018/06/20,03:59:00,810554,684471,"16,907",149,45,0,100,845
2018/06/20,04:00:00,810615,684338,"16,934",149,44,0,100,1028
2018/06/20,04:01:00,810615,684154,"16,961",149,44,0,100,1025
2018/06/20,04:02:00,810649,684004,"16,987",149,44,0,100,996
2018/06/20,04:03:00,810775,683932,"17,013",149,44,0,100,994
2018/06/20,04:04:00,810754,683742,"17,038",149,44,0,100,960
2018/06/20,04:05:00,810769,683579,"17,064",149,44,0,100,979
2018/06/20,04:06:00,810781,683397,"17,092",149,44,0,100,1072
2018/06/20,04:07:00,810787,683231,"17,117",149,44,0,100,954
2018/06/20,04:08:00,810843,683096,"17,144",149,44,0,100,1017
2018/06/20,04:09:00,810906,682961,"17,171",149,44,0,100,1050
2018/06/20,04:10:00,810924,682793,"17,198",149,44,0,100,1022
2018/06/20,04:11:00,811018,682695,"17,224",149,44,0,100,989
2018/06/20,04:12:00,810886,682418,"17,249",149,44,0,100,927
2018/06/20,04:13:00,811017,682330,"17,278",149,44,0,100,1107
2018/06/20,04:14:00,811010,682147,"17,304",149,44,0,100,990
2018/06/20,04:15:00,811014,681986,"17,328",149,43,0,100,919
2018/06/20,04:16:00,811052,681831,"17,355",149,43,0,100,1045
2018/06/20,04:17:00,811196,681770,"17,382",149,43,0,100,1018
2018/06/20,04:18:00,811144,681544,"17,408",149,43,0,100,1020
2018/06/20,04:19:00,811186,681401,"17,435",149,43,0,100,997
2018/06/20,04:20:00,811119,681177,"17,459",149,43,0,100,938
2018/06/20,04:21:00,811278,681103,"17,490",149,43,0,100,1161
2018/06/20,04:22:00,811155,680847,"17,512",149,43,0,100,855
2018/06/20,04:23:00,811287,680758,"17,541",149,43,0,100,1119
2018/06/20,04:24:00,811278,680575,"17,567",149,43,0,100,983
2018/06/20,04:25:00,811272,680401,"17,592",149,43,0,100,947
2018/06/20,04:26:00,811402,680292,"17,624",149,43,0,100,1222
2018/06/20,04:27:00,811297,680046,"17,647",149,43,0,100,885
2018/06/20,04:28:00,811437,679951,"17,679",149,43,0,100,1190
2018/06/20,04:29:00,811305,679687,"17,701",149,43,0,100,860
2018/06/20,04:30:00,811373,679543,"17,731",149,43,0,100,1127
2018/06/20,04:31:00,811410,679383,"17,759",149,42,0,100,1072
2018/06/20,04:32:00,811325,679137,"17,785",149,42,0,100,981
2018/06/20,04:33:00,811416,679014,"17,814",149,42,0,100,1118
2018/06/20,04:34:00,811492,678877,"17,843",149,42,0,100,1126
2018/06/20,04:35:00,811501,678706,"17,870",149,42,0,100,1003
2018/06/20,04:36:00,811528,678536,"17,898",149,42,0,100,1082
2018/06/20,04:37:00,811590,678384,"17,928",149,42,0,100,1145
2018/06/20,04:38:00,811563,678181,"17,955",149,42,0,100,1014
2018/06/20,04:39:00,811480,677937,"17,981",149,42,0,100,982
2018/06/20,04:40:00,811575,677806,"18,012",149,42,0,100,1183
2018/06/20,04:41:00,811514,677577,"18,038",149,42,0,100,1002
2018/06/20,04:42:00,811713,677517,"18,071",149,42,0,100,1272
2018/06/20,04:43:00,811543,677205,"18,096",149,42,0,100,957
2018/06/20,04:44:00,811671,677089,"18,129",149,42,0,100,1254
2018/06/20,04:45:00,811618,676861,"18,156",149,42,0,100,1035
2018/06/20,04:46:00,811647,676693,"18,185",149,42,0,100,1083
2018/06/20,04:47:00,811705,676537,"18,215",149,42,0,100,1151
2018/06/20,04:48:00,811624,676299,"18,240",149,42,0,100,961
2018/06/20,04:49:00,811656,676131,"18,269",149,42,0,100,1097
2018/06/20,04:50:00,811805,676030,"18,302",149,42,0,100,1269
2018/06/20,04:51:00,811699,675767,"18,328",149,42,0,100,986
2018/06/20,04:52:00,811758,675608,"18,359",149,42,0,100,1174
2018/06/20,04:53:00,811727,675400,"18,386",149,42,0,100,1028
2018/06/20,04:54:00,811803,675262,"18,416",149,42,0,100,1136
2018/06/20,04:55:00,811799,675058,"18,445",149,42,0,100,1133
2018/06/20,04:56:00,811765,674850,"18,472",149,42,0,100,1015
2018/06/20,04:57:00,811741,674633,"18,501",149,42,0,100,1113
2018/06/20,04:58:00,811810,674485,"18,532",149,42,0,100,1160
2018/06/20,04:59:00,811798,674280,"18,561",149,42,0,100,1102
2018/06/20,05:00:00,811915,674171,"18,591",149,42,0,100,1166
2018/06/20,05:01:00,811864,673943,"18,619",149,42,0,100,1050
2018/06/20,05:02:00,811813,673711,"18,647",149,42,0,100,1073
2018/06/20,05:03:00,811802,673507,"18,676",148,41,0,100,1110
2018/06/20,05:04:00,818775,678947,"18,727",149,41,0,100,1937
2018/06/20,05:05:00,819403,679243,"18,760",149,38,0,100,1261
2018/06/20,05:06:00,819698,679226,"18,798",149,36,0,100,1468
2018/06/20,05:07:00,819975,679161,"18,842",149,36,0,100,1653
2018/06/20,05:08:00,820300,679137,"18,885",149,35,0,100,1645
2018/06/20,05:09:00,820543,679045,"18,928",149,34,0,100,1646
2018/06/20,05:10:00,820778,678937,"18,972",149,34,0,100,1698
2018/06/20,05:11:00,820916,678756,"19,016",149,34,0,100,1657
2018/06/20,05:12:00,821101,678614,"19,059",149,33,0,100,1657
2018/06/20,05:13:00,821334,678518,"19,102",149,33,0,100,1621
2018/06/20,05:14:00,821523,678392,"19,143",149,33,0,100,1585
2018/06/20,05:15:00,821666,678219,"19,186",149,33,0,100,1636
2018/06/20,05:16:00,821879,678114,"19,228",149,33,0,100,1578
2018/06/20,05:17:00,821959,677894,"19,270",149,32,0,100,1608
2018/06/20,05:18:00,822100,677724,"19,312",149,32,0,100,1610
2018/06/20,05:19:00,822235,677556,"19,353",149,32,0,100,1571
2018/06/20,05:20:00,822392,677416,"19,393",149,32,0,100,1516
2018/06/20,05:21:00,822527,677261,"19,432",149,32,0,100,1498
2018/06/20,05:22:00,822650,677091,"19,473",149,32,0,100,1527
2018/06/20,05:23:00,822704,676877,"19,511",149,32,0,100,1455
2018/06/20,05:24:00,822823,676717,"19,549",149,32,0,100,1453
2018/06/20,05:25:00,822858,676489,"19,587",149,31,0,100,1447
2018/06/20,05:26:00,822986,676340,"19,624",149,31,0,100,1433
2018/06/20,05:27:00,823042,676125,"19,663",149,31,0,100,1471
2018/06/20,05:28:00,823113,675925,"19,701",149,31,0,100,1457
2018/06/20,05:29:00,823217,675757,"19,739",149,31,0,100,1429
2018/06/20,05:30:00,823302,675579,"19,775",149,31,0,100,1398
2018/06/20,05:31:00,823364,675385,"19,812",150,31,0,100,1373
2018/06/20,05:32:00,823424,675187,"19,848",149,31,0,100,1396
2018/06/20,05:33:00,823423,674937,"19,885",148,31,0,100,1417
2018/06/20,05:34:00,823467,674729,"19,921",150,31,0,100,1369
2018/06/20,05:35:00,823502,674514,"19,957",149,31,0,100,1377
2018/06/20,05:36:00,823528,674300,"19,992",149,31,0,100,1330
2018/06/20,05:37:00,823607,674127,"20,027",149,31,0,100,1344
2018/06/20,05:38:00,823669,673933,"20,064",149,31,0,100,1384
2018/06/20,05:39:00,823714,673729,"20,100",148,31,0,100,1372
2018/06/20,05:40:00,823724,673493,"20,136",149,31,0,100,1382
2018/06/20,05:41:00,823735,673253,"20,173",149,30,0,100,1410
2018/06/20,05:42:00,823846,673100,"20,209",149,30,0,100,1380
2018/06/20,05:43:00,823819,672844,"20,244",149,30,0,100,1325
2018/06/20,05:44:00,823885,672656,"20,280",149,30,0,100,1371
2018/06/20,05:45:00,823882,672414,"20,315",149,30,0,100,1358
2018/06/20,05:46:00,823921,672203,"20,351",149,30,0,100,1377
2018/06/20,05:47:00,823920,671930,"20,392",149,30,0,100,1544
2018/06/20,05:48:00,823925,671675,"20,430",149,30,0,100,1470
2018/06/20,05:49:00,823917,671418,"20,468",149,30,0,100,1422
2018/06/20,05:50:00,823876,671139,"20,504",149,30,0,100,1395
2018/06/20,05:51:00,823907,670909,"20,542",149,30,0,100,1450
2018/06/20,05:52:00,823923,670665,"20,581",149,30,0,100,1461
2018/06/20,05:53:00,823917,670339,"20,629",149,30,0,100,1826
2018/06/20,05:54:00,823923,670039,"20,674",149,30,0,100,1734
2018/06/20,05:55:00,823898,669669,"20,726",149,30,0,100,1990
2018/06/20,05:56:00,823857,669259,"20,783",149,30,0,100,2145
2018/06/20,05:57:00,823843,668849,"20,842",149,30,0,100,2271
2018/06/20,05:58:00,823859,668473,"20,900",149,30,0,100,2218
2018/06/20,05:59:00,823751,668003,"20,958",149,31,0,100,2181
2018/06/20,06:00:00,823762,667867,"20,979",149,31,0,100,827
2018/06/20,06:01:00,823759,667681,"21,007",149,31,0,100,1048
2018/06/20,06:02:00,823696,667450,"21,034",149,31,0,100,1028
2018/06/20,06:03:00,823686,667230,"21,065",149,31,0,100,1210
2018/06/20,06:04:00,823677,666958,"21,105",149,31,0,100,1513
2018/06/20,06:05:00,823650,666724,"21,137",149,31,0,100,1213
2018/06/20,06:06:00,823646,666489,"21,172",149,31,0,100,1325
2018/06/20,06:07:00,823659,666266,"21,207",149,31,0,100,1336
2018/06/20,06:08:00,823612,665996,"21,242",149,31,0,100,1328
2018/06/20,06:09:00,823586,665722,"21,280",149,31,0,100,1448
2018/06/20,06:10:00,823642,665522,"21,316",149,31,0,100,1405
2018/06/20,06:11:00,823609,665256,"21,352",149,31,0,100,1371
2018/06/20,06:12:00,823605,665010,"21,389",149,31,0,100,1391
2018/06/20,06:13:00,823535,664691,"21,428",149,31,0,100,1505
2018/06/20,06:14:00,823532,664441,"21,466",149,31,0,100,1420
2018/06/20,06:15:00,823494,664174,"21,501",149,31,0,100,1356
2018/06/20,06:16:00,823514,663937,"21,539",149,31,0,100,1453
2018/06/20,06:17:00,823590,663728,"21,580",149,30,0,100,1552
2018/06/20,06:18:00,823578,663460,"21,619",149,30,0,100,1484
2018/06/20,06:19:00,823585,663216,"21,657",149,30,0,100,1435
2018/06/20,06:20:00,823609,662938,"21,701",149,30,0,100,1709
2018/06/20,06:21:00,823683,662557,"21,768",149,30,0,100,2534
2018/06/20,06:22:00,823680,662039,"21,846",149,30,0,100,2968
2018/06/20,06:23:00,823772,661197,"21,984",149,30,0,100,5277
2018/06/20,06:24:00,823766,660662,"22,064",149,30,0,100,3058
2018/06/20,06:25:00,823824,660378,"22,114",149,30,0,100,1907
2018/06/20,06:26:00,823937,660189,"22,157",149,30,0,100,1614
2018/06/20,06:27:00,823985,659974,"22,195",149,30,0,100,1464
2018/06/20,06:28:00,824032,659773,"22,231",149,30,0,100,1379
2018/06/20,06:29:00,824088,659494,"22,280",149,30,0,100,1871
2018/06/20,06:30:00,824235,659241,"22,337",149,30,0,100,2143
2018/06/20,06:31:00,824257,658775,"22,410",149,30,0,100,2797
2018/06/20,06:32:00,824299,658220,"22,499",149,30,0,100,3407
2018/06/20,06:33:00,824407,657524,"22,618",149,29,0,100,4532
2018/06/20,06:34:00,824409,656520,"22,771",149,29,0,100,5835
2018/06/20,06:35:00,824495,655314,"22,966",149,29,0,100,7407
2018/06/20,06:36:00,824537,654075,"23,160",149,29,0,100,7408
2018/06/20,06:37:00,824552,652887,"23,344",149,29,0,100,7000
2018/06/20,06:38:00,824558,651614,"23,540",149,29,0,100,7468
2018/06/20,06:39:00,824556,650441,"23,719",149,29,0,100,6859
2018/06/20,06:40:00,824601,649464,"23,875",149,29,0,100,5938
2018/06/20,06:41:00,824648,648552,"24,021",149,29,0,100,5574
2018/06/20,06:42:00,824670,647655,"24,163",149,29,0,100,5378
2018/06/20,06:43:00,824726,646758,"24,308",149,29,0,100,5542
2018/06/20,06:44:00,824729,645919,"24,438",149,29,0,100,4962
2018/06/20,06:45:00,824809,645213,"24,557",148,29,0,100,4569
2018/06/20,06:46:00,824806,644470,"24,672",149,29,0,100,4378
2018/06/20,06:47:00,824831,643830,"24,774",149,29,0,100,3903
2018/06/20,06:48:00,824824,643100,"24,887",149,29,0,100,4292
2018/06/20,06:49:00,824806,642443,"24,987",149,29,0,100,3813
2018/06/20,06:50:00,824876,642192,"25,035",149,29,0,100,1813
2018/06/20,06:51:00,824757,641955,"25,057",149,29,0,100,857
2018/06/20,06:52:00,824805,641846,"25,080",149,29,0,100,869
2018/06/20,06:53:00,824838,641715,"25,104",149,29,0,100,931
2018/06/20,06:54:00,824840,641548,"25,131",149,29,0,100,1001
2018/06/20,06:55:00,824885,641416,"25,157",149,29,0,100,992
2018/06/20,06:56:00,824890,641243,"25,184",149,29,0,100,1051
2018/06/20,06:57:00,816395,634672,"25,179",150,31,0,100,-195
